ticker,reversal_date,breakout_date,entry,breakout_close,vol_break,rally_high_date,rally_high,shake_low_date,shake_low,shake_low_vol,shake_high,drop_pct,anchor_date,anchor_high,days_since,entry_vol,dry90,dry30
RAYMONDREL.NS,2026-08-05,2026-07-06,692.55,702.8,2.35,2026-07-13,734.9,2026-07-24,627.15,0.43,734.9,14.66,2025-10-28,693.7,171,0.78,31,12
ALKYLAMINE.NS,2026-08-04,2026-07-09,1921.2,1954.6,4.38,2026-07-10,2007.0,2026-07-24,1764.9,0.33,2007.0,12.06,2025-10-17,1931.0,180,6.53,44,21
TPLPLASTEH.NS,2026-08-03,2026-07-03,81.26,87.16,12.49,2026-07-06,90.33,2026-07-24,75.26,0.47,90.33,16.68,2025-11-13,75.48,159,0.71,18,17
BHARATSE.NS,2026-07-31,2026-07-02,221.65,239.22,11.3,2026-07-13,261.49,2026-07-28,200.2,0.16,261.49,23.44,2025-10-17,237.92,175,1.2,34,11
JAGSNPHARM.NS,2026-07-29,2026-06-23,230.5,231.91,4.55,2026-06-30,264.5,2026-07-21,220.15,0.07,264.5,16.77,2025-11-03,230.0,158,0.79,39,14
DELHIVERY.NS,2026-07-28,2026-07-01,472.2,507.7,4.14,2026-07-10,524.0,2026-07-24,458.15,0.35,524.0,12.57,2025-11-04,490.0,163,0.82,15,6
TBZ.NS,2026-07-27,2026-07-08,280.22,201.7,5.18,2026-07-15,274.99,2026-07-21,246.41,0.77,274.99,10.39,2025-11-10,199.45,165,0.8,31,17
SUYOG.NS,2026-07-27,2026-07-02,885.4,872.75,3.07,2026-07-07,921.15,2026-07-24,820.05,0.36,921.15,10.98,2025-10-15,848.7,175,0.83,25,5
DIFFNKG.NS,2026-07-27,2026-06-29,404.05,415.3,3.27,2026-06-30,436.2,2026-07-08,377.3,0.58,436.2,13.5,2025-10-07,392.25,178,0.64,21,5
CNL.NS,2026-07-24,2026-07-09,987.0,842.15,17.44,2026-07-13,996.0,2026-07-23,867.1,0.07,996.0,12.94,2025-12-15,799.0,139,9.21,30,16
PIDILITIND.NS,2026-07-21,2026-06-15,1579.92,1559.77,2.06,2026-06-23,1587.87,2026-07-13,1548.45,0.88,1615.07,4.12,2025-10-20,1540.11,161,1.99,18,7
THEJO.NS,2026-07-21,2026-06-30,1932.2,1918.6,3.74,2026-07-01,2036.5,2026-07-07,1840.1,0.58,2036.5,9.64,2026-01-20,1916.0,108,1.02,30,5
RICOAUTO.NS,2026-07-20,2026-06-17,138.36,143.29,1.94,2026-06-22,157.0,2026-07-08,127.58,0.49,157.0,18.74,2026-01-02,142.4,112,3.76,18,4
AEGISVOPAK.NS,2026-07-20,2026-07-07,281.02,294.11,4.48,2026-07-13,311.49,2026-07-17,262.4,0.66,311.49,15.76,2025-10-16,292.29,179,0.74,30,12
KABRAEXTRU.NS,2026-07-20,2026-07-02,351.65,278.45,7.15,2026-07-13,326.8,2026-07-15,315.95,0.78,340.0,7.07,2026-02-17,272.88,91,1.74,37,4
ORIENTHOT.NS,2026-07-20,2026-06-23,142.99,140.76,15.83,2026-06-24,145.18,2026-07-15,123.85,0.61,145.18,14.69,2025-10-03,139.73,178,3.5,24,8
CYIENTDLM.NS,2026-07-16,2026-07-03,586.9,509.4,7.32,2026-07-10,569.55,2026-07-14,521.55,0.54,569.55,8.43,2025-10-14,496.0,179,4.45,36,4
ADOR.NS,2026-07-15,2026-06-30,1339.3,1247.77,1.58,2026-07-03,1337.04,2026-07-07,1268.22,0.68,1337.04,5.15,2025-10-16,1238.73,174,3.85,25,10
PRUDENT.NS,2026-07-13,2026-06-15,3065.95,3000.03,1.53,2026-06-23,3156.24,2026-07-08,2899.65,0.44,3156.24,8.13,2025-09-22,2989.34,179,1.26,25,11
SSWL.NS,2026-07-13,2026-07-01,253.26,246.98,3.55,2026-07-06,255.6,2026-07-08,234.36,0.68,255.6,8.31,2026-02-03,238.0,101,0.93,13,5
TATATECH.NS,2026-07-13,2026-06-02,760.8,726.79,1.63,2026-06-09,772.14,2026-06-29,712.05,0.6,772.14,7.78,2025-09-19,714.77,172,2.08,21,12
SFL.NS,2026-07-13,2026-06-22,806.95,740.75,1.65,2026-07-01,759.02,2026-07-02,733.61,0.87,765.96,4.22,2025-11-04,732.11,156,4.32,34,11
JASH.NS,2026-07-10,2026-06-22,532.75,549.0,3.73,2026-06-23,572.85,2026-07-08,480.0,0.8,572.85,16.21,2025-09-25,518.12,180,1.72,14,4
ESAFSFB.NS,2026-07-10,2026-06-16,35.73,31.02,13.3,2026-06-22,37.2,2026-06-29,31.68,0.29,37.2,14.84,2026-01-30,31.0,92,1.09,19,11
WELENT.NS,2026-07-09,2026-06-30,614.0,598.5,3.12,2026-07-01,630.59,2026-07-08,590.0,0.66,630.59,6.44,2025-10-28,577.16,167,0.6,23,9
ORCHPHARMA.NS,2026-07-08,2026-06-12,1002.25,917.1,4.07,2026-06-16,1094.0,2026-07-07,916.75,0.32,1094.0,16.2,2025-11-26,899.0,135,10.43,23,7
THELEELA.NS,2026-07-06,2026-06-19,502.2,494.2,6.7,2026-06-22,511.0,2026-07-03,468.35,0.4,511.0,8.35,2025-10-14,473.95,168,2.31,35,12
QMSMEDI.NS,2026-07-06,2026-06-17,107.56,109.4,5.72,2026-06-22,114.0,2026-06-29,98.05,0.29,114.0,13.99,2025-10-13,108.0,167,2.79,36,9
CERA.NS,2026-07-06,2026-06-19,6496.0,6374.4,1.63,2026-06-22,6663.07,2026-06-29,6188.55,0.48,6663.07,7.12,2025-11-06,6257.26,153,0.82,34,17
TVSSCS.NS,2026-07-01,2026-06-15,137.92,134.6,2.63,2026-06-22,142.3,2026-06-29,129.16,0.4,142.3,9.23,2025-09-19,134.0,180,1.14,31,2
WELSPUNLIV.NS,2026-07-01,2026-06-18,165.16,162.9,9.7,2026-06-24,170.9,2026-06-30,158.21,0.84,170.9,7.42,2026-02-04,152.76,91,1.23,25,9
RPEL.NS,2026-06-30,2026-06-05,1204.0,1109.22,2.27,2026-06-15,1217.98,2026-06-29,1140.55,0.35,1234.0,7.57,2025-12-02,1064.6,125,0.64,24,10
SPAL.NS,2026-06-30,2026-06-18,1138.15,920.95,4.0,2026-06-25,1149.6,2026-06-29,1010.5,0.34,1149.6,12.1,2025-11-17,886.05,145,1.88,29,9
SANGHVIMOV.NS,2026-06-30,2026-06-15,438.4,420.85,1.88,2026-06-22,442.6,2026-06-25,406.8,0.54,442.6,8.09,2025-10-08,411.9,169,1.42,19,13
XPROINDIA.NS,2026-06-30,2026-06-16,1393.39,1391.89,10.81,2026-06-17,1490.85,2026-06-18,1293.12,1.0,1490.85,13.26,2025-09-24,1239.3,179,0.78,24,6
CGCL.NS,2026-06-30,2026-06-15,227.66,214.18,1.64,2026-06-19,225.99,2026-06-23,215.17,0.53,225.99,4.79,2025-10-30,214.0,154,4.51,23,3
SHAILY.NS,2026-06-29,2026-05-29,2896.9,2989.5,3.42,2026-06-01,3198.0,2026-06-22,2751.0,0.4,3233.9,14.93,2025-11-17,2799.9,132,0.67,26,15
STARHEALTH.NS,2026-06-29,2026-06-18,584.75,565.65,8.24,2026-06-23,597.4,2026-06-25,569.05,0.69,597.4,4.75,2025-11-17,534.0,146,1.12,29,8
AEGISLOG.NS,2026-06-25,2026-06-15,1134.6,979.08,1.88,2026-06-22,1087.75,2026-06-23,1038.42,0.25,1087.75,4.54,2025-10-03,939.59,171,1.36,41,9
USHAMART.NS,2026-06-25,2026-05-27,473.1,510.45,5.49,2026-06-04,527.5,2026-06-24,460.0,0.52,527.5,12.8,2025-11-10,497.1,135,1.01,27,9
GLAND.NS,2026-06-24,2026-05-18,2326.2,2156.6,14.46,2026-05-25,2396.0,2026-06-15,2190.0,0.78,2396.0,8.6,2025-09-29,2074.0,154,1.41,27,4
THYROCARE.NS,2026-06-23,2026-06-08,558.4,534.39,3.44,2026-06-09,570.82,2026-06-11,510.6,0.58,570.82,10.55,2025-11-18,529.77,137,1.99,29,16
BIOCON.NS,2026-06-22,2026-05-15,420.6,429.59,1.69,2026-05-26,439.87,2026-06-08,405.32,0.62,439.87,7.86,2025-11-18,424.44,121,1.04,8,5
ACMESOLAR.NS,2026-06-22,2026-06-02,349.85,334.75,4.82,2026-06-08,364.8,2026-06-18,327.0,0.35,364.8,10.36,2025-09-15,324.01,176,1.1,28,11
SKMEGGPROD.NS,2026-06-22,2026-06-02,248.59,232.77,5.61,2026-06-08,257.4,2026-06-11,225.15,0.26,257.4,12.53,2025-11-03,232.5,143,0.66,17,4
AIAENG.NS,2026-06-19,2026-05-27,4687.0,4428.1,12.76,2026-06-05,4775.0,2026-06-12,4290.5,0.35,4775.0,10.15,2026-01-08,4168.7,91,1.2,26,12
GOODLUCK.NS,2026-06-19,2026-05-05,1423.4,1374.5,4.49,2026-05-08,1475.0,2026-05-29,1282.3,0.92,1475.0,13.06,2025-10-03,1345.67,142,3.09,14,4
SANDHAR.NS,2026-06-19,2026-05-22,707.95,622.5,8.29,2026-05-25,733.9,2026-06-01,653.05,0.49,733.9,11.02,2025-11-13,601.0,129,0.89,25,5
DJML.NS,2026-06-18,2026-05-27,114.42,105.89,3.14,2026-06-05,112.65,2026-06-17,104.95,0.97,116.8,10.14,2025-09-12,105.87,172,1.21,36,8
SAHYADRI.NS,2026-06-18,2026-05-08,289.14,303.12,3.83,2026-05-11,336.87,2026-05-29,273.76,0.32,336.87,18.74,2025-08-12,302.6,179,1.09,36,11
STEELXIND.NS,2026-06-18,2026-05-27,13.05,11.96,4.78,2026-05-29,13.39,2026-06-10,11.51,0.69,13.39,14.04,2025-09-15,11.15,172,2.42,18,11
SPECTRUM.NS,2026-06-17,2026-06-03,1644.6,1621.1,7.58,2026-06-08,1823.0,2026-06-11,1545.0,0.48,1823.0,15.25,2025-11-14,1600.0,134,0.86,27,14
GRINDWELL.NS,2026-06-15,2026-05-11,2004.08,1781.59,7.66,2026-05-20,1983.87,2026-05-29,1780.9,0.61,1983.87,10.23,2025-10-31,1732.36,127,1.24,28,10
MINDACORP.NS,2026-06-15,2026-05-27,662.55,623.85,3.29,2026-06-04,663.0,2026-06-08,625.15,0.5,663.0,5.71,2025-11-13,619.32,131,1.88,24,9
SPARC.NS,2026-06-12,2026-05-19,223.76,179.77,7.45,2026-05-26,248.75,2026-06-02,194.1,0.53,248.75,21.97,2025-12-03,179.43,112,0.65,27,12
WANBURY.NS,2026-06-12,2026-05-27,274.55,300.2,2.52,2026-05-29,315.2,2026-06-03,254.0,0.87,315.2,19.42,2025-09-08,288.45,176,1.49,28,6
E2E.NS,2026-06-12,2026-05-27,386.4,395.14,1.73,2026-06-03,453.8,2026-06-11,369.0,0.12,453.8,18.69,2025-10-07,389.47,157,2.87,26,2
APOLLO.NS,2026-06-12,2026-05-20,409.4,356.7,3.94,2026-05-27,433.8,2026-06-11,377.25,0.52,446.9,15.59,2025-09-17,354.7,165,0.63,15,9
CARBORUNIV.NS,2026-06-12,2026-05-08,1050.59,1025.26,2.17,2026-05-18,1163.63,2026-05-27,1002.61,0.41,1163.63,13.84,2025-08-20,1013.66,175,1.44,30,9
NETWEB.NS,2026-06-12,2026-05-29,4584.54,4667.79,5.86,2026-06-04,4961.91,2026-06-10,4257.35,0.71,4961.91,14.2,2025-10-08,4476.21,158,1.78,32,6
ENRIN.NS,2026-06-12,2026-05-27,3606.9,3766.1,2.7,2026-05-29,3968.0,2026-06-11,3373.7,0.4,3968.0,14.98,2025-09-23,3619.16,166,0.76,15,4
HIRECT.NS,2026-06-11,2026-05-19,1110.64,991.91,5.57,2026-05-27,1189.76,2026-06-10,1045.11,0.23,1210.83,13.69,2025-11-06,953.95,131,1.66,29,15
ICIL.NS,2026-06-09,2026-06-01,336.5,334.75,9.91,2026-06-03,360.4,2026-06-08,315.0,0.5,360.4,12.6,2025-12-01,327.0,123,0.71,34,10
SURYODAY.NS,2026-06-09,2026-05-08,173.56,178.47,13.15,2026-05-13,189.24,2026-05-20,155.53,0.21,189.24,17.81,2025-10-01,160.17,146,0.61,20,6
YATHARTH.NS,2026-06-09,2026-05-08,839.1,862.2,1.61,2026-05-11,887.85,2026-06-01,790.0,0.47,889.9,11.23,2025-10-08,843.7,143,0.73,14,3
SUVEN.NS,2026-06-09,2026-05-18,264.45,252.57,13.99,2026-05-26,294.88,2026-06-08,230.6,0.45,297.95,22.6,2025-08-25,236.5,179,1.33,22,7
KOVAI.NS,2026-06-08,2026-04-20,5517.5,5487.9,20.0,2026-04-27,6052.6,2026-05-18,5294.5,0.67,6052.6,12.53,2023-07-27,2833.42,93,2.03,30,17
MANCREDIT.NS,2026-06-05,2026-05-29,205.83,200.39,3.59,2026-06-01,221.99,2026-06-04,198.0,0.58,221.99,10.81,2025-09-17,195.0,170,0.88,11,5
CENTENKA.NS,2026-06-05,2026-05-21,518.9,539.65,14.41,2026-05-22,577.6,2026-06-02,476.45,0.32,577.6,17.51,2025-09-04,520.6,174,0.97,18,4
NRBBEARING.NS,2026-06-05,2026-05-08,385.65,315.84,12.4,2026-05-19,365.75,2026-06-03,349.45,0.24,390.0,10.4,2025-12-02,307.68,105,0.94,26,12
ADANIENT.NS,2026-06-05,2026-05-14,3046.84,2711.69,3.37,2026-05-25,2857.52,2026-06-02,2863.92,0.73,3026.15,5.36,2025-09-23,2693.8,157,1.88,8,3
ASTRAMICRO.NS,2026-06-04,2026-05-21,1377.7,1184.5,1.76,2026-05-29,1433.0,2026-06-03,1296.3,0.38,1433.0,9.54,2025-10-10,1174.9,150,0.88,16,7
INDOBORAX.NS,2026-06-04,2026-05-21,328.87,297.38,10.45,2026-06-01,324.52,2026-06-02,308.61,0.73,327.22,5.69,2025-12-31,273.13,94,0.75,34,12
PANAMAPET.NS,2026-06-03,2026-05-22,337.8,340.2,3.14,2026-05-29,366.8,2026-06-02,295.8,0.91,366.8,19.36,2025-08-28,327.1,180,1.38,29,5
MEGASTAR.NS,2026-06-02,2026-05-08,308.9,308.7,2.38,2026-05-19,320.0,2026-05-27,272.1,0.18,322.0,15.5,2025-11-07,305.0,122,1.12,50,19
BALAMINES.NS,2026-06-02,2026-05-14,2006.16,1615.4,7.14,2026-05-25,1946.36,2026-06-01,1692.22,0.45,1946.36,13.06,2025-08-22,1579.18,178,4.13,27,1
JAYBARMARU.NS,2026-06-02,2026-05-21,126.14,117.35,16.98,2026-05-25,124.1,2026-05-27,109.2,0.37,124.1,12.01,2025-09-25,111.85,159,0.72,41,8
SOMANYCERA.NS,2026-06-01,2026-05-20,523.93,517.26,2.7,2026-05-21,550.28,2026-05-29,486.18,0.18,550.28,11.65,2025-08-22,507.27,180,1.06,25,5
YASHO.NS,2026-06-01,2026-05-20,2189.85,2058.57,7.74,2026-05-26,2294.63,2026-05-29,2049.67,0.63,2294.63,10.68,2025-11-13,1988.58,125,0.69,36,8
VIJAYA.NS,2026-05-29,2026-04-30,1308.5,1129.6,3.38,2026-05-11,1375.0,2026-05-25,1212.0,0.38,1379.3,12.13,2025-09-08,1120.4,157,1.12,32,7
AMBER.NS,2026-05-27,2026-05-06,7516.0,8661.5,1.92,2026-05-07,8974.0,2026-05-26,7286.0,0.61,8974.0,18.81,2025-10-29,8626.0,127,0.75,18,4
SANSTAR.NS,2026-05-27,2026-05-18,115.24,109.36,12.06,2026-05-22,120.71,2026-05-26,104.5,0.74,120.71,13.43,2025-10-27,105.0,137,1.54,18,11
TIPSMUSIC.NS,2026-05-27,2026-04-23,670.6,647.7,13.25,2026-04-24,692.1,2026-05-14,616.85,0.21,692.1,10.87,2025-09-29,614.04,138,1.25,32,3
ALIVUS.NS,2026-05-26,2026-05-06,1090.7,1125.0,1.86,2026-05-11,1148.4,2026-05-18,1022.1,0.88,1148.4,11.0,2025-09-19,1078.4,152,1.39,20,3
WALCHANNAG.NS,2026-05-26,2026-04-28,265.27,237.96,1.71,2026-05-06,265.3,2026-05-12,216.76,0.79,265.3,18.3,2025-09-17,221.0,149,4.43,36,0
AMBIKCO.NS,2026-05-26,2026-05-04,1666.7,1565.8,4.56,2026-05-07,1687.0,2026-05-12,1511.0,0.93,1687.0,10.43,2025-09-18,1561.05,151,4.86,20,6
CESC.NS,2026-05-25,2026-04-27,185.59,188.01,3.43,2026-05-04,204.5,2026-05-18,175.29,0.73,204.5,14.28,2025-10-29,185.26,120,1.76,16,8
UNIVCABLES.NS,2026-05-25,2026-05-05,1161.65,1059.23,6.77,2026-05-08,1229.5,2026-05-18,924.62,0.63,1229.5,24.8,2025-12-03,1004.33,102,5.7,16,5
VINDHYATEL.NS,2026-05-25,2026-05-07,1768.26,1673.26,4.66,2026-05-11,1879.2,2026-05-18,1485.26,0.71,1879.2,20.96,2025-11-17,1624.81,116,2.87,17,14
KERNEX.NS,2026-05-25,2026-05-07,1464.0,1518.5,4.96,2026-05-08,1626.0,2026-05-20,1328.4,0.25,1626.0,18.3,2025-10-15,1425.0,137,1.25,26,3
RAMRAT.NS,2026-05-25,2026-04-27,467.65,424.02,2.87,2026-05-04,471.33,2026-05-18,392.85,0.36,471.33,16.65,2025-07-30,389.21,180,2.48,31,5
PARACABLES.NS,2026-05-22,2026-05-08,59.41,55.13,8.49,2026-05-12,60.9,2026-05-18,52.6,0.68,60.9,13.63,2025-08-13,52.44,180,1.12,17,3
ESABINDIA.NS,2026-05-22,2026-05-04,7022.53,7107.16,11.87,2026-05-07,7287.88,2026-05-18,6382.81,0.42,7287.88,12.42,2025-12-11,6368.65,93,1.0,27,4
UNIPARTS.NS,2026-05-22,2026-04-29,563.45,538.9,6.24,2026-05-08,581.95,2026-05-18,520.05,0.88,581.95,10.64,2025-11-17,532.67,109,0.88,21,0
HALEOSLABS.NS,2026-05-21,2026-05-06,1686.2,1604.5,4.31,2026-05-11,1774.0,2026-05-18,1507.2,0.12,1774.0,15.04,2025-11-21,1539.0,109,0.98,35,3
INOXINDIA.NS,2026-05-21,2026-04-10,1461.44,1303.53,4.52,2026-04-22,1602.47,2026-05-13,1366.46,1.0,1613.96,15.34,2025-07-18,1277.46,178,0.85,23,3
PAISALO.NS,2026-05-20,2026-04-15,49.32,43.51,3.92,2026-04-24,47.2,2026-05-12,43.86,0.99,51.15,14.25,2025-09-18,41.59,139,1.22,12,2
NOVARTIND.NS,2026-05-20,2026-04-20,1323.0,995.45,20.0,2026-04-28,1059.9,2026-05-18,1165.1,0.51,1275.0,8.62,2023-07-19,861.31,98,2.11,36,18
SBCL.NS,2026-05-19,2026-04-24,633.15,592.3,10.34,2026-04-27,655.4,2026-05-13,565.6,0.22,655.4,13.7,2025-09-23,572.8,142,1.08,16,1
KIRLPNU.NS,2026-05-19,2026-04-27,1574.29,1441.69,10.47,2026-05-07,1596.68,2026-05-14,1437.61,0.79,1606.44,10.51,2025-08-06,1375.66,176,0.8,19,5
APCOTEXIND.NS,2026-05-19,2026-05-06,503.09,421.66,3.42,2026-05-08,554.0,2026-05-14,463.46,0.35,554.0,16.34,2025-09-19,417.56,152,1.24,20,10
DSSL.NS,2026-05-19,2026-04-30,1547.8,1088.25,2.07,2026-05-11,1445.0,2026-05-18,1305.3,0.35,1445.0,9.67,2025-10-03,1069.0,139,2.14,36,4
ENGINERSIN.NS,2026-05-19,2026-04-17,245.0,241.8,5.04,2026-04-27,264.6,2026-05-18,234.5,0.73,267.0,12.17,2025-07-23,237.61,180,0.95,24,14
ANGELONE.NS,2026-05-19,2026-04-15,326.99,296.84,1.89,2026-04-22,329.21,2026-05-12,296.03,0.7,333.92,11.34,2025-07-23,281.76,178,3.04,14,1
SASKEN.NS,2026-05-18,2026-05-11,1822.98,1623.01,12.9,2026-05-12,1945.11,2026-05-15,1678.02,0.25,1945.11,13.73,2025-08-19,1610.5,177,1.01,39,10
DRREDDY.NS,2026-05-15,2026-04-23,1328.28,1322.61,5.61,2026-04-29,1367.23,2026-05-14,1247.09,0.74,1367.23,8.79,2025-09-19,1318.44,144,1.21,14,0
STEELCAS.NS,2026-05-13,2026-04-08,297.53,261.78,4.08,2026-04-17,303.07,2026-05-05,276.15,0.34,319.02,13.44,2025-07-30,253.64,169,1.71,29,9
DHANBANK.NS,2026-05-13,2026-04-28,32.19,31.82,9.97,2026-05-06,33.99,2026-05-12,30.55,0.49,33.99,10.12,2025-11-20,27.98,106,0.99,9,3
TIMKEN.NS,2026-05-08,2026-04-15,3592.1,3568.32,1.54,2026-04-23,3676.63,2026-05-04,3382.17,0.94,3676.63,8.01,2025-07-23,3535.52,177,1.86,15,5
CENTUM.NS,2026-05-07,2026-04-16,2941.93,3040.98,2.07,2026-04-20,3134.55,2026-04-22,2745.01,0.84,3134.55,12.43,2025-09-05,3039.58,148,0.95,31,13
HONASA.NS,2026-05-07,2026-04-08,354.6,313.4,1.51,2026-04-13,353.55,2026-05-04,331.0,0.49,359.75,7.99,2025-09-17,310.0,135,0.67,51,15
KINGFA.NS,2026-05-06,2026-04-23,5007.2,4917.6,2.55,2026-04-27,5139.0,2026-05-05,4700.0,0.75,5139.0,8.54,2025-10-15,4880.0,126,0.89,17,8
STAR.NS,2026-05-06,2026-04-23,1092.88,1064.02,3.26,2026-04-27,1104.83,2026-05-04,1012.36,0.48,1104.83,8.37,2025-11-03,1020.22,115,1.69,20,1
KRISHANA.NS,2026-05-05,2026-04-16,126.69,127.95,2.59,2026-04-27,139.5,2026-05-04,116.91,0.91,140.7,16.9,2025-08-25,123.61,157,1.01,21,9
SYRMA.NS,2026-05-04,2026-04-16,1018.55,968.75,4.24,2026-04-21,1032.0,2026-04-30,945.85,0.64,1032.0,8.35,2025-11-13,909.9,103,1.21,20,2
JINDALSAW.NS,2026-05-04,2026-04-17,228.81,234.12,2.44,2026-04-23,247.51,2026-04-30,216.95,0.95,247.51,12.35,2025-07-24,227.9,179,0.78,43,18
NATCOPHARM.NS,2026-05-04,2026-04-07,1114.6,1082.4,3.2,2026-04-10,1134.85,2026-04-22,1042.25,0.56,1134.85,8.16,2025-07-24,1052.88,172,1.09,37,17
SCHNEIDER.NS,2026-04-30,2026-04-20,1243.7,1087.85,2.93,2026-04-27,1210.0,2026-04-28,1130.0,0.71,1210.0,6.61,2025-08-05,1052.0,172,1.28,31,14
SPORTKING.NS,2026-04-29,2026-04-08,147.87,141.28,4.99,2026-04-20,150.6,2026-04-24,133.32,0.34,153.0,12.86,2025-07-23,138.75,173,1.56,11,8
GPIL.NS,2026-04-28,2026-04-15,305.0,303.35,2.26,2026-04-16,310.5,2026-04-24,289.0,0.58,310.5,6.92,2025-10-29,290.0,112,2.32,10,1
SCI.NS,2026-04-28,2026-04-16,303.1,288.93,7.98,2026-04-17,322.8,2026-04-24,284.61,0.41,322.8,11.83,2025-10-24,273.61,116,1.1,26,9
ROSSTECH.NS,2026-04-27,2026-04-10,992.2,916.4,11.01,2026-04-15,1016.85,2026-04-24,890.55,0.39,1016.85,12.42,2025-09-22,832.0,135,1.59,47,8
GMDCLTD.NS,2026-04-27,2026-04-16,698.55,746.75,7.35,2026-04-17,771.9,2026-04-24,654.0,0.46,771.9,15.27,2025-10-10,651.0,125,0.62,25,4
HFCL.NS,2026-04-27,2026-04-10,106.69,84.4,2.29,2026-04-22,101.5,2026-04-24,96.21,0.88,101.5,5.21,2025-07-17,83.55,180,1.44,17,4
NITINSPIN.NS,2026-04-27,2026-04-13,443.85,403.75,1.56,2026-04-20,431.25,2026-04-24,400.1,0.49,431.25,7.22,2025-07-21,400.43,178,3.56,28,18
ATHERENERG.NS,2026-04-20,2026-03-27,889.45,796.35,1.68,2026-04-09,833.35,2026-04-17,845.1,0.73,948.0,10.85,2025-10-21,790.0,107,2.41,12,1
WHEELS.NS,2026-04-10,2026-03-18,1037.85,967.66,2.22,2026-03-27,1102.58,2026-04-07,922.67,0.75,1102.58,16.32,2025-10-23,966.86,100,0.98,28,6
DATAPATTNS.NS,2026-04-09,2026-02-26,3362.07,3236.54,2.14,2026-03-06,3601.65,2026-03-23,3006.05,0.62,3601.65,16.54,2025-06-11,3122.8,179,1.14,28,5
J&KBANK.NS,2026-04-08,2026-02-26,123.39,121.23,6.3,2026-02-27,123.6,2026-03-23,108.0,0.7,128.48,15.94,2025-07-01,114.87,165,0.76,9,7
LINDEINDIA.NS,2026-04-02,2026-03-12,7284.15,7177.33,2.39,2026-03-18,7387.47,2026-04-01,6845.39,0.77,7502.28,8.76,2025-06-24,6915.39,178,1.07,33,11
MANGLMCEM.NS,2026-03-20,2026-02-17,833.8,894.0,6.68,2026-02-26,940.35,2026-03-16,785.05,0.43,940.35,16.52,2025-05-29,831.75,180,0.93,14,4
EDELWEISS.NS,2026-03-18,2026-02-11,110.55,125.16,6.42,2026-02-18,130.7,2026-03-09,103.1,0.37,130.7,21.12,2025-09-24,122.79,95,0.86,16,4
AVANTIFEED.NS,2026-03-17,2026-02-03,1230.25,949.04,7.32,2026-02-12,1416.14,2026-03-06,1139.28,0.17,1472.31,22.62,2025-05-29,905.97,170,0.71,39,9
APARINDS.NS,2026-03-17,2026-02-18,9416.0,10182.0,3.3,2026-02-27,11648.0,2026-03-16,8856.0,0.53,11648.0,23.97,2025-07-30,9905.0,138,0.88,26,9
ASTRAL.NS,2026-03-11,2026-02-11,1746.3,1592.1,3.08,2026-02-17,1653.0,2026-03-09,1595.2,0.73,1705.2,6.45,2025-06-18,1586.61,163,3.43,13,3
AEROFLEX.NS,2026-03-11,2026-02-18,233.95,226.5,6.31,2026-02-27,239.66,2026-03-09,206.78,0.44,239.66,13.72,2025-07-22,226.45,144,1.05,42,19
CEIGALL.NS,2026-03-10,2026-02-06,277.95,291.85,4.68,2026-02-10,307.9,2026-03-04,263.65,0.36,307.9,14.37,2025-07-11,291.0,143,0.72,36,6
BSE.NS,2026-03-05,2026-02-10,2754.14,3165.86,3.71,2026-02-11,3218.52,2026-03-04,2530.33,0.89,3218.52,21.38,2025-06-10,3022.04,168,1.36,10,2
INDSWFTLAB.NS,2026-03-05,2026-02-06,137.26,132.2,9.87,2026-02-17,149.9,2026-03-04,126.0,0.63,151.98,17.09,2025-07-08,124.0,145,2.24,14,5
MBAPL.NS,2026-03-05,2026-02-10,92.98,92.82,2.59,2026-02-17,97.8,2026-03-04,90.93,0.7,97.8,7.03,2025-07-30,92.81,132,0.89,15,1
ABSLAMC.NS,2026-03-05,2026-02-20,870.73,895.46,1.93,2026-02-23,911.75,2026-03-04,824.34,0.8,911.75,9.59,2025-08-20,885.8,126,1.69,22,11
RAIN.NS,2026-02-26,2026-02-04,154.52,171.64,1.75,2026-02-10,176.0,2026-02-23,144.01,0.28,176.0,18.18,2025-08-07,167.43,122,0.66,15,10
DBOL.NS,2026-02-23,2026-01-27,103.73,104.1,8.12,2026-01-30,113.65,2026-02-16,89.1,0.65,113.65,21.61,2025-07-21,103.45,129,2.94,18,8
OIL.NS,2026-02-19,2026-01-28,476.7,483.11,6.48,2026-02-04,516.11,2026-02-16,445.34,0.45,516.11,13.71,2025-06-16,478.42,155,2.48,13,6
MMFL.NS,2026-02-03,2026-01-02,436.89,390.91,6.5,2026-01-05,435.26,2026-01-27,358.75,0.27,435.26,17.58,2025-06-09,388.43,143,2.95,37,18
INDUSINDBK.NS,2026-02-02,2026-01-02,908.78,900.99,1.95,2026-01-07,923.2,2026-01-28,876.23,0.61,960.34,8.76,2025-07-01,891.36,127,0.78,11,3
AJANTPHARM.NS,2026-01-30,2026-01-01,2756.65,2911.73,4.04,2026-01-02,2993.38,2026-01-19,2630.4,0.17,2993.38,12.13,2025-07-30,2817.5,105,1.18,23,9
LUPIN.NS,2026-01-30,2026-01-06,2137.3,2134.23,2.53,2026-01-07,2210.27,2026-01-29,2072.97,0.88,2210.27,6.21,2025-04-24,2120.84,176,1.39,15,5
SAILIFE.NS,2026-01-28,2026-01-05,847.6,955.25,4.46,2026-01-07,983.35,2026-01-23,791.1,0.85,983.35,19.55,2025-08-22,939.0,91,1.89,40,11
INDUSTOWER.NS,2026-01-22,2026-01-01,419.2,435.8,2.62,2026-01-09,454.95,2026-01-21,401.45,0.96,454.95,11.76,2025-07-03,430.0,124,0.81,20,8
AUTOAXLES.NS,2026-01-22,2026-01-02,1911.23,1935.51,2.9,2026-01-06,2004.8,2026-01-21,1786.99,0.6,2004.8,10.86,2025-07-25,1916.72,109,0.69,43,17
MCL.NS,2026-01-16,2025-12-29,80.53,64.95,7.73,2026-01-05,82.85,2026-01-14,70.05,0.64,82.85,15.45,2025-04-23,64.09,171,0.8,34,3
ASIANTILES.NS,2026-01-14,2025-12-19,73.07,72.05,4.82,2025-12-24,78.8,2026-01-12,69.3,0.75,78.8,12.06,2025-06-18,70.65,127,0.71,15,8
NIITMTS.NS,2026-01-13,2025-12-19,418.9,420.9,1.92,2025-12-26,443.9,2026-01-07,395.1,0.46,443.9,10.99,2025-03-28,416.25,180,1.31,26,10
BSOFT.NS,2026-01-13,2025-12-22,418.91,443.6,1.63,2025-12-23,452.02,2026-01-12,400.09,0.91,452.02,11.49,2025-06-27,438.51,121,0.7,31,16
HINDZINC.NS,2026-01-12,2025-12-12,616.98,551.57,5.15,2025-12-23,604.46,2026-01-09,577.6,0.77,644.57,10.39,2025-06-10,526.52,128,1.07,14,9
GAEL.NS,2026-01-12,2025-12-30,140.07,133.07,3.87,2026-01-05,140.8,2026-01-09,127.26,0.91,140.8,9.62,2025-04-24,130.44,171,2.25,17,10
SMCGLOBAL.NS,2025-12-31,2025-12-12,89.71,82.89,6.27,2025-12-23,88.43,2025-12-30,81.87,0.29,89.52,8.54,2025-07-01,78.78,113,2.71,27,5
SAFARI.NS,2025-12-24,2025-11-24,2267.61,2379.97,3.1,2025-11-26,2504.02,2025-12-17,2204.69,0.51,2504.02,11.95,2025-06-02,2334.47,120,2.96,31,9
PERSISTENT.NS,2025-12-22,2025-11-19,6517.4,6271.64,2.36,2025-11-27,6432.5,2025-12-16,6146.53,0.56,6506.98,5.54,2025-06-24,6120.1,101,1.13,10,6
BHARATFORG.NS,2025-12-19,2025-11-11,1433.91,1396.26,4.54,2025-11-20,1454.12,2025-12-09,1341.89,0.59,1454.12,7.72,2025-06-09,1350.16,106,0.62,19,8
ESABINDIA.NS,2025-12-18,2025-12-10,6112.91,6105.98,4.97,2025-12-11,6368.65,2025-12-17,5848.26,0.51,6368.65,8.17,2025-07-22,5797.81,96,1.32,32,15
VLSFINANCE.NS,2025-12-17,2025-11-24,291.45,309.55,7.33,2025-12-03,319.95,2025-12-16,271.85,0.23,339.0,19.81,2025-04-21,280.05,149,1.18,18,6
ELDEHSG.NS,2025-12-17,2025-12-05,987.45,977.45,3.9,2025-12-08,1015.6,2025-12-11,859.0,0.04,1015.6,15.42,2025-04-25,958.75,154,2.55,39,15
NRBBEARING.NS,2025-12-15,2025-12-01,288.28,299.63,5.1,2025-12-02,307.68,2025-12-10,265.2,0.47,307.68,13.81,2025-07-01,295.54,104,1.01,14,7
BHEL.NS,2025-12-12,2025-11-10,284.23,272.47,1.59,2025-11-19,291.46,2025-12-08,266.84,0.48,294.3,9.33,2025-05-29,267.69,112,1.48,15,1
TEMBO.NS,2025-12-11,2025-11-10,73.69,76.36,5.82,2025-11-11,83.55,2025-12-02,70.92,0.16,83.55,15.13,2025-02-13,71.36,180,1.88,22,4
ETHOSLTD.NS,2025-12-09,2025-11-25,3044.7,3055.4,2.32,2025-11-27,3245.9,2025-12-08,2837.1,0.6,3245.9,12.59,2025-06-16,3019.0,111,1.54,27,7
LATENTVIEW.NS,2025-12-08,2025-11-03,497.35,474.9,5.87,2025-11-11,494.0,2025-12-02,465.0,0.39,514.0,9.53,2025-02-07,465.0,180,11.08,39,1
PVRINOX.NS,2025-12-03,2025-10-20,1129.7,1157.9,3.06,2025-10-30,1249.7,2025-11-14,1077.4,0.43,1249.7,13.79,2025-02-07,1153.0,171,2.13,19,8
ANURAS.NS,2025-12-01,2025-11-20,1231.4,1179.2,2.49,2025-11-24,1263.0,2025-11-28,1195.0,0.67,1263.0,5.38,2025-07-01,1165.24,97,1.22,24,12
SAKAR.NS,2025-12-01,2025-11-06,387.9,390.1,3.48,2025-11-12,411.8,2025-11-24,357.1,0.48,411.8,13.28,2025-06-19,380.8,95,0.69,31,5
SOUTHWEST.NS,2025-11-28,2025-11-03,211.71,175.71,5.49,2025-11-10,198.4,2025-11-14,175.4,0.46,198.4,11.59,2025-05-22,164.0,113,1.69,30,5
DREDGECORP.NS,2025-11-28,2025-11-03,857.65,889.35,5.95,2025-11-04,954.4,2025-11-14,770.3,0.29,954.4,19.29,2025-05-29,828.0,108,1.09,21,7
PHOENIXLTD.NS,2025-11-25,2025-11-03,1731.7,1746.5,3.48,2025-11-07,1785.6,2025-11-21,1685.2,0.8,1785.6,5.62,2025-04-23,1733.12,133,1.84,18,3
MAHLIFE.NS,2025-11-24,2025-11-03,390.64,401.49,4.84,2025-11-04,413.92,2025-11-21,373.65,0.82,413.92,9.73,2025-02-07,394.22,180,1.79,39,15
NESTLEIND.NS,2025-11-19,2025-10-16,1266.05,1263.67,4.31,2025-10-17,1298.32,2025-11-04,1238.03,0.52,1298.32,4.64,2025-04-24,1239.55,121,0.82,17,2
RPEL.NS,2025-11-19,2025-10-31,1053.96,780.99,7.52,2025-11-10,1018.04,2025-11-11,950.1,0.64,1018.04,6.67,2025-06-12,762.69,97,0.75,28,8
M&MFIN.NS,2025-11-18,2025-10-17,315.79,293.5,2.5,2025-10-29,322.1,2025-11-13,298.73,0.49,322.1,7.26,2025-02-05,290.29,172,1.36,22,4
STYLAMIND.NS,2025-11-17,2025-10-27,2004.8,2045.6,3.93,2025-11-03,2120.1,2025-11-13,1880.8,0.62,2120.1,11.29,2025-02-03,2044.0,179,1.1,23,11
UJJIVANSFB.NS,2025-11-17,2025-10-23,53.78,51.9,2.01,2025-10-28,54.54,2025-11-07,50.3,0.71,54.54,7.77,2025-06-10,51.87,93,1.46,22,3
APOLLOTYRE.NS,2025-11-12,2025-10-20,525.66,500.63,3.13,2025-10-28,523.14,2025-11-07,491.25,0.76,523.14,6.1,2025-05-16,498.06,108,1.41,27,7
XELPMOC.NS,2025-11-11,2025-10-20,132.01,134.93,1.79,2025-10-23,145.99,2025-11-07,118.5,0.23,145.99,18.83,2025-02-03,133.93,175,0.87,25,8
BAJAJFINSV.NS,2025-11-07,2025-10-20,2100.31,2137.98,1.98,2025-10-23,2193.13,2025-11-04,2059.74,0.78,2193.13,6.08,2025-04-24,2132.14,123,1.01,12,3
KAPSTON.NS,2025-11-07,2025-10-24,299.7,294.33,6.41,2025-10-27,309.94,2025-10-30,279.99,0.7,309.94,9.66,2025-05-21,287.0,108,1.48,42,12
DCBBANK.NS,2025-11-04,2025-10-21,161.2,156.75,4.26,2025-10-28,163.13,2025-10-30,152.9,0.5,163.13,6.27,2025-06-10,148.14,92,0.62,11,3
DYNAMATECH.NS,2025-11-04,2025-10-10,8465.64,7792.98,2.36,2025-10-16,8254.74,2025-10-31,7659.05,0.42,8254.74,7.22,2025-01-21,7689.24,179,2.19,20,2
PRIVISCL.NS,2025-10-31,2025-10-16,2895.47,2726.65,4.65,2025-10-28,2940.75,2025-10-30,2802.14,0.33,2946.43,4.9,2025-06-06,2572.27,91,0.65,35,8
ATGL.NS,2025-10-29,2025-09-22,634.03,780.48,11.52,2025-09-23,797.72,2025-10-15,613.49,0.14,797.72,23.1,2025-01-01,766.05,180,6.81,33,8
VSSL.NS,2025-10-21,2025-09-30,296.45,295.9,4.07,2025-10-01,309.0,2025-10-15,266.1,0.7,309.0,13.88,2025-04-24,291.13,110,7.98,34,8
NORBTEAEXP.NS,2025-10-20,2025-09-18,51.98,52.71,1.61,2025-09-22,54.8,2025-10-10,48.98,0.24,54.8,10.62,2025-03-10,52.04,130,0.77,17,7
TVSSRICHAK.NS,2025-10-16,2025-10-01,3907.9,3701.1,10.55,2025-10-08,3969.0,2025-10-15,3773.1,0.19,3969.0,4.94,2025-01-10,3406.56,180,0.97,46,13
PNGJL.NS,2025-10-16,2025-10-07,655.85,655.05,2.46,2025-10-09,682.0,2025-10-15,631.0,0.59,682.0,7.48,2025-01-17,643.0,178,0.96,20,12
BANARBEADS.NS,2025-10-15,2025-10-01,150.97,138.91,1.57,2025-10-09,152.99,2025-10-10,138.25,0.58,152.99,9.63,2025-01-20,138.82,174,0.76,17,10
MOTHERSON.NS,2025-10-14,2025-09-15,104.54,107.29,1.93,2025-09-24,112.06,2025-10-09,100.52,0.62,112.06,10.29,2025-01-03,106.68,173,1.32,8,1
GOKULAGRO.NS,2025-10-13,2025-09-15,193.18,196.95,8.27,2025-09-22,212.5,2025-10-10,182.62,0.69,212.5,14.06,2025-01-03,185.95,173,1.27,23,7
UMIYA-MRO.NS,2025-10-13,2025-09-30,101.94,100.56,10.77,2025-10-01,107.11,2025-10-10,84.2,0.37,107.11,21.39,2025-02-06,91.03,159,6.17,27,10
BANKBARODA.NS,2025-10-10,2025-09-19,258.59,244.18,1.99,2025-09-30,251.95,2025-10-08,250.4,0.53,263.53,4.98,2025-04-29,242.94,100,0.85,10,0
WCIL.NS,2025-10-07,2025-09-05,136.24,137.86,1.78,2025-09-15,145.84,2025-10-01,127.0,0.26,147.29,13.78,2025-01-03,135.0,167,1.04,31,8
AMBER.NS,2025-10-07,2025-09-16,8417.5,8298.0,1.61,2025-09-25,8497.0,2025-09-30,8021.0,0.9,8497.0,5.6,2025-01-07,8177.0,172,0.87,14,4
DCAL.NS,2025-10-07,2025-09-19,295.55,300.45,7.78,2025-09-23,321.95,2025-09-30,266.6,0.5,321.95,17.19,2025-01-03,298.7,177,0.87,28,3
NILASPACES.NS,2025-10-07,2025-09-25,17.95,18.73,4.96,2025-09-26,20.47,2025-10-01,16.3,0.48,20.47,20.37,2025-01-09,18.58,177,0.64,21,3
PANSARI.NS,2025-09-29,2025-08-21,283.4,273.0,2.36,2025-09-01,288.0,2025-09-12,257.1,0.55,288.85,10.99,2025-02-10,271.2,130,2.03,55,15
GANDHITUBE.NS,2025-09-29,2025-09-04,935.6,942.04,7.21,2025-09-08,1014.61,2025-09-26,864.4,0.82,1014.61,14.8,2024-12-16,895.65,179,3.27,22,10
NARMADA.NS,2025-09-29,2025-09-18,12.65,12.16,3.05,2025-09-19,12.75,2025-09-25,11.23,0.75,12.75,11.96,2025-01-23,11.89,162,1.74,31,12
ASHAPURMIN.NS,2025-09-22,2025-09-09,651.1,610.31,3.82,2025-09-15,643.96,2025-09-19,606.45,0.47,643.96,5.82,2025-01-20,570.63,158,1.61,18,9
IMFA.NS,2025-09-18,2025-09-05,1077.71,966.94,3.36,2025-09-12,1061.96,2025-09-15,1002.66,0.68,1061.96,5.58,2024-12-16,949.06,180,2.19,21,5
NETWEB.NS,2025-09-18,2025-09-05,3035.81,3077.48,5.04,2025-09-08,3311.94,2025-09-17,2820.54,0.39,3311.94,14.84,2024-12-17,3051.85,179,0.66,38,17
UNOMINDA.NS,2025-09-16,2025-08-14,1318.09,1147.18,2.36,2025-08-26,1292.25,2025-09-11,1257.83,0.44,1327.87,5.27,2025-01-16,1126.88,144,0.61,15,4
SCHNEIDER.NS,2025-09-05,2025-07-16,890.1,886.0,1.62,2025-07-23,943.9,2025-08-13,816.0,0.99,1052.0,22.43,2024-12-17,879.3,144,1.03,25,21
SJS.NS,2025-09-03,2025-08-20,1413.7,1353.2,4.13,2025-08-25,1405.22,2025-09-01,1290.9,0.75,1405.22,8.13,2024-12-09,1342.16,174,2.18,18,6
YATHARTH.NS,2025-09-03,2025-08-05,749.65,684.9,3.3,2025-08-11,738.2,2025-09-01,674.0,0.8,740.0,8.92,2024-12-06,666.0,165,1.33,16,4
VIMTALABS.NS,2025-09-02,2025-07-28,761.09,656.48,9.69,2025-08-01,725.77,2025-08-12,603.47,0.11,725.77,16.85,2025-02-12,585.64,111,5.61,29,13
RISHABH.NS,2025-09-01,2025-08-18,438.96,414.29,13.04,2025-08-22,442.35,2025-08-28,402.77,0.21,442.35,8.95,2024-12-02,395.64,177,1.49,38,11
MOLDTKPAC.NS,2025-09-01,2025-07-29,808.3,796.91,3.49,2025-07-30,887.74,2025-08-07,763.61,0.58,887.74,13.98,2024-12-10,767.48,158,1.36,20,7
YATRA.NS,2025-09-01,2025-08-12,159.21,137.11,12.2,2025-08-21,163.5,2025-08-25,143.76,0.27,163.5,12.07,2025-01-03,124.5,151,0.6,21,1
HBLENGINE.NS,2025-08-29,2025-08-13,804.08,760.54,4.13,2025-08-22,811.85,2025-08-28,750.88,0.37,811.85,7.51,2024-12-16,736.88,165,1.42,41,16
CUMMINSIND.NS,2025-08-21,2025-08-06,3836.88,3589.47,1.72,2025-08-08,3850.51,2025-08-20,3682.08,0.82,3850.51,4.37,2024-12-17,3586.82,159,1.02,14,2
POCL.NS,2025-08-21,2025-07-24,443.25,436.86,6.45,2025-07-30,482.37,2025-08-18,409.78,0.35,482.37,15.05,2024-11-08,414.01,175,1.75,23,7
SHANTIGEAR.NS,2025-08-21,2025-07-22,585.7,554.3,5.73,2025-07-24,612.89,2025-08-07,508.32,0.55,612.89,17.06,2024-11-01,552.95,178,0.79,15,5
EVEREADY.NS,2025-08-19,2025-07-24,435.02,427.62,2.3,2025-07-28,445.03,2025-08-12,397.39,0.56,445.03,10.71,2024-12-18,424.95,149,3.99,13,2
20MICRONS.NS,2025-08-19,2025-07-22,239.33,271.38,2.3,2025-07-23,280.93,2025-08-12,227.11,0.15,280.93,19.16,2024-10-30,268.73,180,0.93,13,4
LEMERITE.NS,2025-08-18,2025-07-09,66.87,64.43,2.23,2025-07-14,69.0,2025-08-04,64.1,0.63,69.0,7.1,2025-02-06,64.2,102,3.98,34,8
AARTIDRUGS.NS,2025-08-18,2025-07-15,501.16,527.47,11.65,2025-07-21,561.04,2025-08-06,472.46,0.33,561.04,15.79,2024-11-07,498.14,169,0.81,25,9
GUJAPOLLO.NS,2025-08-13,2025-07-18,463.68,442.72,1.7,2025-07-28,504.47,2025-08-11,405.57,0.92,504.47,19.61,2025-01-20,440.62,123,2.63,26,7
INFOBEAN.NS,2025-08-13,2025-07-23,158.99,133.54,14.76,2025-07-30,157.66,2025-08-04,129.36,0.43,157.66,17.95,2024-12-12,117.78,152,0.7,36,12
ACUTAAS.NS,2025-08-12,2025-07-31,1302.67,1326.05,5.54,2025-08-01,1376.9,2025-08-11,1259.92,0.53,1376.9,8.5,2025-02-05,1320.66,119,0.74,13,6
DECCANCE.NS,2025-08-12,2025-07-16,1059.91,1074.4,7.42,2025-07-18,1108.68,2025-08-04,1002.34,0.38,1108.68,9.59,2025-02-24,923.49,95,0.79,35,14
SPMLINFRA.NS,2025-08-12,2025-07-23,287.35,290.72,1.71,2025-08-01,323.4,2025-08-06,266.0,0.67,323.4,17.75,2024-12-20,289.67,146,0.74,29,4
JGCHEM.NS,2025-08-12,2025-07-07,497.05,517.94,11.51,2025-07-10,555.86,2025-07-28,463.05,0.2,556.86,16.85,2024-11-27,483.51,151,1.28,16,3
PAYTM.NS,2025-08-11,2025-07-23,1122.0,1071.15,5.31,2025-07-24,1128.5,2025-08-06,1032.4,0.93,1128.5,8.52,2024-12-17,1062.95,149,1.22,10,6
ANANDRATHI.NS,2025-08-11,2025-07-14,1341.56,1265.16,9.71,2025-07-23,1343.86,2025-08-08,1265.06,0.17,1359.69,6.96,2024-12-09,1152.17,148,1.39,31,11
HPL.NS,2025-07-31,2025-07-14,570.37,624.81,3.23,2025-07-15,638.58,2025-07-28,536.29,0.52,638.58,16.02,2024-12-17,618.62,142,0.64,17,13
NUVOCO.NS,2025-07-30,2025-07-18,424.95,387.7,10.36,2025-07-28,422.0,2025-07-29,402.95,0.5,422.0,4.51,2024-12-11,385.65,150,0.79,39,13
NAM-INDIA.NS,2025-07-30,2025-07-10,806.34,798.07,2.56,2025-07-17,858.38,2025-07-29,768.69,0.93,858.38,10.45,2024-12-11,789.24,144,0.68,8,1
PROZONER.NS,2025-07-30,2025-07-15,42.79,41.77,3.85,2025-07-24,43.9,2025-07-29,40.5,0.38,43.9,7.74,2025-01-21,41.5,119,1.41,12,1
DATAMATICS.NS,2025-07-29,2025-07-11,933.23,728.2,12.45,2025-07-22,803.54,2025-07-28,860.73,0.78,940.64,8.5,2025-01-06,714.12,128,0.61,19,8
RUCHIRA.NS,2025-07-29,2025-07-04,134.08,142.07,5.88,2025-07-07,144.62,2025-07-28,129.33,0.41,144.62,10.57,2024-12-16,139.67,137,0.84,26,9
FEDFINA.NS,2025-07-29,2025-07-15,132.22,120.58,2.53,2025-07-21,127.54,2025-07-24,122.0,0.43,127.54,4.34,2024-12-05,120.0,151,4.36,10,5
CAPITALSFB.NS,2025-07-29,2025-07-21,303.48,315.37,3.02,2025-07-22,321.0,2025-07-28,282.34,0.49,321.0,12.04,2025-02-10,308.43,108,1.09,27,4
SYRMA.NS,2025-07-28,2025-07-09,744.97,648.45,6.43,2025-07-18,727.4,2025-07-21,673.75,0.95,727.4,7.38,2025-01-06,645.9,126,1.16,18,9
CARTRADE.NS,2025-07-28,2025-07-10,2066.9,1837.6,1.5,2025-07-14,2000.0,2025-07-21,1861.1,0.48,2000.0,6.95,2025-02-01,1836.85,107,8.15,17,5
KRISHIVAL.NS,2025-07-24,2025-06-06,404.1,348.43,3.5,2025-06-17,367.32,2025-07-04,364.82,0.22,434.74,16.08,2024-09-18,332.79,177,1.9,44,8
THYROCARE.NS,2025-07-23,2025-07-07,388.26,345.29,2.85,2025-07-16,387.32,2025-07-18,371.96,0.93,389.05,4.39,2025-01-06,339.79,124,1.05,31,8
RHL.NS,2025-07-22,2025-07-09,287.5,296.55,6.83,2025-07-10,314.0,2025-07-21,261.3,0.68,314.0,16.78,2024-12-10,289.9,144,1.75,33,15
JKLAKSHMI.NS,2025-07-17,2025-06-27,989.71,876.26,3.62,2025-07-03,995.15,2025-07-16,950.16,0.36,995.15,4.52,2024-12-18,871.22,130,1.04,33,3
SAKAR.NS,2025-07-16,2025-06-18,360.8,358.9,10.11,2025-06-19,380.8,2025-07-02,335.0,0.25,380.8,12.03,2024-10-22,344.0,162,0.94,29,10
FOSECOIND.NS,2025-07-15,2025-06-25,5048.17,4823.99,2.12,2025-06-30,5073.64,2025-07-11,4756.23,0.81,5104.39,6.82,2024-10-14,4747.75,173,2.0,18,12
SANGAMIND.NS,2025-07-15,2025-06-27,459.93,487.64,6.21,2025-06-30,508.56,2025-07-14,432.13,0.45,508.56,15.03,2024-10-14,455.03,175,0.75,25,7
IOLCP.NS,2025-07-15,2025-06-25,92.32,95.84,3.33,2025-07-01,98.56,2025-07-14,88.63,0.72,98.56,10.08,2024-10-03,92.44,180,0.73,14,8
GOODLUCK.NS,2025-07-15,2025-06-27,1132.07,1142.21,1.58,2025-07-01,1181.77,2025-07-14,1095.3,0.55,1181.77,7.32,2024-10-09,1133.17,178,0.72,14,5
INSECTICID.NS,2025-07-14,2025-06-23,974.16,948.24,1.99,2025-06-26,984.72,2025-07-08,924.62,0.61,987.71,6.39,2024-11-07,909.47,153,1.2,17,6
ASAHIINDIA.NS,2025-07-11,2025-07-01,849.68,804.39,8.56,2025-07-04,852.77,2025-07-10,799.15,0.08,852.77,6.29,2024-12-11,801.99,137,1.02,38,8
ASKAUTOLTD.NS,2025-07-11,2025-06-26,538.87,513.33,2.49,2025-06-30,544.19,2025-07-07,502.01,0.95,544.19,7.75,2024-12-17,505.68,130,1.29,14,2
NESCO.NS,2025-07-10,2025-06-25,1180.99,1078.68,3.56,2025-07-01,1204.22,2025-07-09,1141.15,0.74,1204.22,5.24,2024-12-03,1069.48,139,1.12,17,6
AGIIL.NS,2025-07-09,2025-06-23,203.33,197.59,3.14,2025-06-27,204.06,2025-07-08,187.0,0.9,206.0,9.22,2024-12-13,188.89,129,1.84,21,9
INDNIPPON.NS,2025-07-09,2025-07-01,762.66,746.5,2.7,2025-07-04,775.39,2025-07-08,736.38,0.41,775.39,5.03,2024-10-14,739.13,177,0.69,11,4
BEML.NS,2025-07-04,2025-06-20,2255.54,2312.71,2.9,2025-06-23,2430.01,2025-07-03,2157.54,0.54,2430.01,11.21,2024-12-11,2253.73,130,1.56,15,6
SUBROS.NS,2025-07-02,2025-06-10,1000.31,799.92,2.77,2025-06-17,1080.19,2025-06-20,900.09,0.79,1080.19,16.67,2024-09-24,791.34,175,0.89,11,7
SAMHI.NS,2025-06-30,2025-06-09,222.39,220.5,1.81,2025-06-12,230.0,2025-06-23,211.1,0.48,230.0,8.22,2024-09-16,218.99,180,1.25,18,14
MEDPLUS.NS,2025-06-27,2025-05-16,911.8,885.55,3.82,2025-05-26,1012.8,2025-06-16,869.55,0.38,1045.3,16.81,2024-12-06,875.65,108,1.11,10,1
GMDCLTD.NS,2025-06-27,2025-06-05,404.16,375.54,2.66,2025-06-10,414.41,2025-06-19,373.78,0.55,414.41,9.81,2024-11-07,370.49,141,1.19,27,12
KARURVYSYA.NS,2025-06-27,2025-06-13,210.33,202.85,1.76,2025-06-16,207.54,2025-06-19,197.02,0.38,207.54,5.07,2024-12-09,201.4,127,2.0,16,5
SUDARSCHEM.NS,2025-06-27,2025-06-09,1255.86,1281.18,5.41,2025-06-10,1310.99,2025-06-24,1187.96,0.63,1310.99,9.38,2024-10-14,1230.68,161,1.35,16,7
NELCAST.NS,2025-06-26,2025-06-17,146.85,144.52,4.35,2025-06-18,150.51,2025-06-23,133.72,0.47,150.51,11.15,2024-09-26,143.27,178,4.0,29,9
CENTUM.NS,2025-06-26,2025-05-27,2367.1,2506.53,3.38,2025-05-29,2679.02,2025-06-13,2112.94,0.42,2679.02,21.13,2024-12-19,2380.3,106,1.38,23,5
KITEX.NS,2025-06-25,2025-05-20,276.66,295.78,4.22,2025-05-23,323.55,2025-06-13,261.9,0.45,323.55,19.06,2024-12-16,294.68,104,0.83,14,6
TSFINV.NS,2025-06-25,2025-06-09,495.49,401.37,1.56,2025-06-12,481.53,2025-06-17,442.62,0.67,481.53,8.08,2024-09-19,399.63,177,2.76,9,3
INDOSTAR.NS,2025-06-25,2025-06-02,347.55,347.35,2.0,2025-06-10,354.9,2025-06-17,318.3,0.91,354.9,10.31,2024-09-20,343.0,171,1.33,20,4
MAXHEALTH.NS,2025-06-25,2025-06-13,1235.38,1229.19,1.62,2025-06-17,1252.53,2025-06-24,1179.64,0.89,1252.53,5.82,2025-01-08,1224.36,106,1.22,8,2
IDBI.NS,2025-06-25,2025-05-30,92.56,94.78,2.64,2025-06-05,102.21,2025-06-19,87.12,0.66,102.21,14.77,2024-09-13,93.98,175,0.77,15,1
PENIND.NS,2025-06-24,2025-06-02,234.13,241.95,7.54,2025-06-04,257.7,2025-06-19,217.42,0.59,257.7,15.63,2024-12-06,227.7,119,0.71,10,3
GVT&D.NS,2025-06-24,2025-05-29,2435.04,2284.41,2.24,2025-06-06,2459.49,2025-06-13,2199.97,0.41,2459.49,10.55,2024-12-23,2238.9,106,0.85,12,3
DEEPAKFERT.NS,2025-06-24,2025-05-28,1566.88,1434.43,3.49,2025-06-03,1583.46,2025-06-09,1488.54,0.68,1583.46,5.99,2024-12-09,1432.84,115,0.7,22,2
RADICO.NS,2025-06-24,2025-06-03,2673.48,2661.03,4.1,2025-06-04,2776.7,2025-06-13,2546.55,0.7,2776.7,8.29,2025-01-01,2628.05,103,0.61,18,4
EIDPARRY.NS,2025-06-23,2025-05-23,973.0,999.25,1.85,2025-05-28,1042.0,2025-06-18,931.25,0.65,1042.0,10.63,2024-12-18,997.0,105,0.97,15,4
NBCC.NS,2025-06-23,2025-05-30,119.14,122.56,4.07,2025-06-09,129.86,2025-06-19,112.6,0.63,129.86,13.29,2024-09-12,120.86,176,1.14,9,3
POONAWALLA.NS,2025-06-23,2025-06-06,437.55,421.1,3.03,2025-06-10,434.05,2025-06-13,407.95,0.69,434.05,6.01,2024-09-23,409.0,174,3.36,8,4
ENGINERSIN.NS,2025-06-23,2025-05-30,223.71,224.39,7.24,2025-06-10,240.53,2025-06-19,208.27,0.35,240.53,13.41,2024-09-13,220.91,175,1.03,9,3
FMGOETZE.NS,2025-06-17,2025-06-02,543.45,468.95,2.16,2025-06-06,528.4,2025-06-13,475.0,0.43,528.4,10.11,2024-09-19,462.45,172,2.53,25,7
MANAKCOAT.NS,2025-06-17,2025-06-06,132.38,126.62,2.57,2025-06-09,134.75,2025-06-13,118.31,0.81,134.75,12.2,2025-01-01,118.95,106,1.16,29,7
POWERINDIA.NS,2025-06-17,2025-05-14,18648.59,16730.15,1.97,2025-05-23,17719.86,2025-06-13,16716.15,0.96,20292.11,17.62,2024-10-11,16545.15,144,1.28,11,3
LTF.NS,2025-06-16,2025-06-06,189.71,187.86,3.37,2025-06-10,195.09,2025-06-13,178.77,0.76,195.09,8.37,2024-10-01,184.56,168,1.01,9,3
LLOYDSME.NS,2025-06-16,2025-06-04,1517.49,1499.1,2.33,2025-06-06,1538.88,2025-06-13,1443.44,0.6,1538.88,6.2,2025-01-10,1476.01,97,0.86,12,2
LUMAXIND.NS,2025-06-16,2025-05-30,3186.97,2910.7,3.83,2025-06-09,3238.69,2025-06-13,3055.16,0.52,3238.69,5.67,2024-09-06,2904.05,180,1.26,31,8
SRM.NS,2025-06-16,2025-05-30,442.25,443.35,2.95,2025-06-02,467.9,2025-06-13,401.25,0.56,467.9,14.24,2025-01-03,430.9,99,0.66,35,5
HDFCLIFE.NS,2025-06-16,2025-05-23,765.7,775.48,1.68,2025-05-29,786.12,2025-06-13,735.59,0.59,786.12,6.43,2024-09-03,756.41,178,0.9,14,6
INDIAGLYCO.NS,2025-06-13,2025-05-13,931.32,809.57,3.43,2025-05-22,926.63,2025-06-12,887.99,0.37,960.4,7.54,2024-10-14,763.46,142,1.0,15,5
NAZARA.NS,2025-06-13,2025-05-12,331.95,291.45,2.61,2025-05-21,328.58,2025-06-05,307.88,0.67,331.62,7.16,2024-09-19,279.25,157,3.69,28,7
CEMPRO.NS,2025-06-10,2025-05-26,803.94,719.87,2.32,2025-06-04,760.11,2025-06-06,716.33,0.36,766.78,6.58,2024-10-04,690.76,157,1.96,16,8
INDIANB.NS,2025-06-09,2025-05-30,622.29,588.69,1.66,2025-06-03,628.69,2025-06-05,597.66,0.45,628.69,4.94,2024-12-04,587.3,120,1.38,13,2
MAHSCOOTER.NS,2025-06-06,2025-05-19,14045.98,13507.83,4.4,2025-05-26,13915.37,2025-05-30,12700.6,0.94,13915.37,8.73,2024-09-25,12558.21,158,2.96,17,8
ORICONENT.NS,2025-06-05,2025-05-22,48.39,43.23,5.84,2025-05-23,44.79,2025-06-03,39.83,0.37,44.79,11.06,2024-12-05,42.61,113,9.0,38,17
SSWL.NS,2025-06-02,2025-05-14,242.38,239.82,2.94,2025-05-23,251.19,2025-05-30,229.1,0.21,251.19,8.8,2024-08-26,234.13,177,1.24,11,1
SOUTHBANK.NS,2025-05-30,2025-05-15,29.09,27.38,3.22,2025-05-20,29.15,2025-05-29,27.87,0.51,29.15,4.4,2024-08-23,26.68,179,1.96,10,0
TDPOWERSYS.NS,2025-05-29,2025-05-15,509.65,485.39,1.86,2025-05-19,508.01,2025-05-26,471.09,0.79,508.01,7.27,2024-12-26,481.15,94,1.57,8,5
ASTRAMICRO.NS,2025-05-28,2025-05-15,1161.15,1000.11,5.41,2025-05-23,1147.48,2025-05-27,1056.68,0.98,1147.48,7.91,2024-09-13,940.94,164,1.73,8,0
SGIL.NS,2025-05-27,2025-04-24,485.75,500.27,5.04,2025-05-06,529.07,2025-05-26,442.72,0.4,543.6,18.56,2024-12-10,499.12,91,1.33,32,4
SHANKARA.NS,2025-05-27,2025-05-12,819.04,724.95,1.61,2025-05-19,825.37,2025-05-23,762.34,0.41,825.37,7.64,2024-12-17,717.02,97,0.92,29,9
SUVEN.NS,2025-05-27,2025-05-13,235.48,171.33,10.11,2025-05-22,219.55,2025-05-23,206.36,0.45,219.55,6.01,2024-09-18,169.3,159,0.66,24,5
GRSE.NS,2025-05-27,2025-05-14,2795.37,2172.74,3.83,2025-05-23,2876.1,2025-05-26,2684.15,0.41,2876.1,6.67,2024-09-04,1967.78,170,0.69,13,8
TFCILTD.NS,2025-05-26,2025-04-28,42.58,39.28,1.65,2025-05-05,42.09,2025-05-09,36.69,0.92,42.09,12.84,2024-08-13,38.81,174,2.54,21,4
BANARISUG.NS,2025-05-15,2025-04-24,4278.64,4122.06,6.51,2025-05-02,4385.38,2025-05-07,3867.21,0.65,4385.38,11.82,2024-10-14,3979.74,130,0.88,25,8
GRMOVER.NS,2025-05-15,2025-04-03,103.95,101.62,2.34,2025-04-11,109.98,2025-05-07,94.67,0.57,113.67,16.72,2024-09-19,96.33,134,1.65,8,2
ANURAS.NS,2025-05-15,2025-04-24,957.48,847.95,1.82,2025-05-06,889.42,2025-05-09,859.49,0.37,927.39,7.32,2024-08-01,818.56,180,2.15,23,10
DIAMONDYD.NS,2025-05-13,2025-04-15,1177.61,1252.67,5.56,2025-04-16,1295.05,2025-05-09,1042.18,0.86,1295.05,19.53,2024-10-17,1188.4,121,0.75,29,12
SILVERTUC.NS,2025-05-12,2025-04-29,738.05,815.09,4.32,2025-04-30,844.59,2025-05-07,692.65,0.29,844.59,17.99,2024-08-13,799.89,175,0.72,13,9
MANORAMA.NS,2025-05-12,2025-04-28,1431.59,1293.45,9.37,2025-04-29,1387.51,2025-05-09,1169.5,0.81,1387.51,15.71,2024-12-10,1255.46,93,2.29,19,8
BDL.NS,2025-05-09,2025-04-28,1525.75,1480.63,2.73,2025-05-06,1569.77,2025-05-08,1441.58,0.76,1569.77,8.17,2024-08-09,1438.21,176,4.48,10,3
BHARTIHEXA.NS,2025-04-30,2025-04-17,1661.56,1557.29,3.74,2025-04-23,1670.22,2025-04-28,1540.57,0.24,1670.22,7.76,2024-09-27,1542.44,136,1.31,37,9
SWARAJENG.NS,2025-04-15,2025-03-19,3794.64,3551.44,6.46,2025-03-24,3854.85,2025-04-07,3302.16,0.6,3985.41,17.14,2024-08-27,3292.67,141,1.18,19,10
GABRIEL.NS,2025-04-15,2025-03-19,553.32,580.9,3.01,2025-03-24,605.25,2025-04-07,463.05,0.82,605.25,23.49,2024-09-06,554.93,133,0.65,28,12
SDBL.NS,2025-04-15,2025-03-17,130.26,129.0,1.84,2025-03-24,133.9,2025-04-08,118.44,0.79,133.9,11.55,2024-09-16,128.44,125,1.75,11,0
ASTRAZEN.NS,2025-04-11,2025-03-20,8391.1,8317.88,7.78,2025-03-24,8988.04,2025-04-07,7144.7,0.47,8988.04,20.51,2024-10-07,8075.2,114,0.69,44,11
GALLANTT.NS,2025-04-11,2025-04-01,424.25,407.28,4.65,2025-04-04,445.27,2025-04-09,391.26,0.3,445.27,12.13,2024-09-20,397.63,131,1.26,17,6
INDIASHLTR.NS,2025-04-08,2025-03-17,829.58,794.01,6.7,2025-03-26,824.33,2025-04-04,776.25,0.72,830.76,6.56,2024-09-13,784.1,126,1.64,20,8
KSCL.NS,2025-04-03,2025-03-20,1320.88,1242.79,3.14,2025-03-24,1368.74,2025-04-02,1190.75,0.92,1368.74,13.0,2024-09-10,1187.76,132,0.94,15,5
VADILALIND.NS,2025-04-02,2025-03-11,5682.25,4887.76,3.44,2025-03-19,5429.08,2025-03-28,4520.33,0.65,5429.08,16.74,2024-09-19,4637.13,119,4.77,19,3
NACLIND.NS,2025-04-01,2025-03-12,111.95,79.58,9.46,2025-03-18,110.85,2025-03-27,98.15,0.47,110.85,11.46,2024-06-25,78.5,180,0.94,27,7
CHAMBLFERT.NS,2025-03-17,2025-02-27,567.35,563.28,1.84,2025-03-06,577.05,2025-03-13,539.32,0.66,577.05,6.54,2024-06-21,553.65,173,1.17,13,0
AARTIPHARM.NS,2025-03-17,2025-02-07,770.58,734.78,5.55,2025-02-18,821.03,2025-03-03,682.4,0.52,833.22,18.1,2024-08-29,715.79,113,1.07,26,11
MPSLTD.NS,2025-03-05,2025-01-27,2691.41,2443.45,2.91,2025-02-04,2689.89,2025-02-12,2432.21,0.41,2784.69,12.66,2024-08-28,2384.91,104,2.0,26,9
TCPLPACK.NS,2025-03-04,2025-02-17,4344.17,3698.7,5.07,2025-02-27,4252.28,2025-03-03,3665.43,0.9,4252.28,13.8,2024-09-24,3613.9,101,2.46,35,12
NITIRAJ.NS,2025-03-03,2025-02-17,294.65,300.97,7.98,2025-02-25,347.54,2025-02-28,262.22,0.36,347.54,24.55,2024-07-18,299.07,148,1.0,36,10
UPL.NS,2025-02-13,2025-02-03,618.06,618.55,4.48,2025-02-05,637.39,2025-02-12,583.41,0.71,637.39,8.47,2024-09-06,612.12,103,0.95,14,5
SBICARD.NS,2025-02-12,2025-02-01,811.13,819.62,1.9,2025-02-03,841.03,2025-02-11,773.82,0.4,841.03,7.99,2024-09-13,812.12,97,1.16,20,0
REDINGTON.NS,2025-02-06,2025-01-20,218.24,212.53,3.82,2025-01-22,221.02,2025-01-29,190.68,0.5,221.02,13.73,2024-07-02,210.15,138,3.86,23,6
PROZONER.NS,2025-01-20,2025-01-03,40.7,39.21,4.05,2025-01-06,40.34,2025-01-13,34.2,0.35,40.34,15.22,2024-04-26,36.55,171,0.65,14,1
MBAPL.NS,2025-01-20,2025-01-14,57.49,52.52,2.64,2025-01-15,60.57,2025-01-17,53.49,0.93,60.57,11.69,2024-07-29,51.56,116,2.0,26,10
CAMLINFINE.NS,2025-01-14,2024-12-20,130.17,125.12,2.37,2025-01-01,141.66,2025-01-13,120.01,0.72,141.66,15.28,2024-07-26,124.94,101,1.4,22,7
ANANDRATHI.NS,2025-01-10,2024-12-05,1030.25,1086.99,4.09,2024-12-09,1152.17,2024-12-24,958.03,0.68,1152.17,16.85,2024-06-03,1064.52,127,7.39,28,13
GICRE.NS,2025-01-09,2024-12-10,452.42,414.52,2.3,2024-12-18,448.43,2025-01-06,419.87,0.24,511.39,17.9,2024-07-26,412.36,93,1.04,34,3
ZOTA.NS,2025-01-06,2024-12-16,853.11,766.92,9.8,2024-12-24,858.41,2024-12-30,774.46,0.52,858.41,9.78,2024-08-02,713.36,92,2.34,28,6
ASHAPURMIN.NS,2025-01-03,2024-12-11,442.98,463.2,3.13,2024-12-12,471.29,2024-12-31,374.99,0.32,471.29,20.43,2024-06-25,452.62,116,2.05,25,14
LUMAXTECH.NS,2025-01-02,2024-12-13,667.53,601.16,3.36,2024-12-18,646.79,2024-12-24,590.79,0.96,646.79,8.66,2024-07-02,598.64,113,2.25,28,10
ITI.NS,2024-12-30,2024-12-09,379.2,368.1,3.81,2024-12-10,404.0,2024-12-27,325.8,0.15,404.0,19.36,2024-07-12,341.5,101,2.73,47,13
ASHOKA.NS,2024-12-27,2024-12-06,293.78,277.33,2.29,2024-12-17,306.5,2024-12-23,276.49,0.8,310.4,10.92,2024-07-26,271.9,91,0.67,31,9
TPHQ.NS,2024-12-27,2024-12-10,2.32,1.95,7.25,2024-12-19,2.68,2024-12-26,2.22,0.05,2.79,20.43,2024-07-15,1.86,101,2.39,12,3
MANINFRA.NS,2024-12-26,2024-11-29,240.66,230.79,9.67,2024-12-09,245.77,2024-12-19,224.69,0.37,246.36,8.8,2024-04-29,217.27,146,0.79,20,4
GUJRAFFIA.NS,2024-12-23,2024-12-10,87.12,67.63,6.21,2024-12-19,79.03,2024-12-20,79.0,0.97,82.98,4.8,2024-07-23,61.76,93,1.51,40,8
SASKEN.NS,2024-12-13,2024-11-12,2081.07,1899.64,9.63,2024-11-21,2184.18,2024-12-12,1986.6,0.29,2342.08,15.18,2024-07-03,1880.41,91,0.66,35,11
ICDSLTD.NS,2024-12-11,2024-11-25,57.32,50.97,1.97,2024-11-27,54.73,2024-12-05,48.11,0.43,54.73,12.1,2024-02-29,50.0,179,3.35,37,4
AARON.NS,2024-12-09,2024-11-19,171.38,155.45,9.15,2024-11-22,174.55,2024-11-28,154.6,0.81,174.55,11.43,2024-03-06,155.1,172,0.91,23,4
AMJLAND.NS,2024-12-06,2024-11-28,64.9,65.98,4.45,2024-11-29,69.58,2024-12-05,60.04,0.3,69.58,13.72,2024-07-15,64.85,93,0.74,27,5
KIRIINDUS.NS,2024-12-03,2024-11-14,617.45,451.95,5.71,2024-11-25,610.45,2024-12-02,552.5,0.34,610.45,9.49,2024-02-23,446.6,178,0.8,23,6
DYCL.NS,2024-12-03,2024-10-28,464.15,355.91,5.27,2024-11-06,448.21,2024-11-18,355.69,0.38,466.6,23.77,2024-06-12,339.05,94,0.83,24,4
PRECOT.NS,2024-12-02,2024-11-14,592.93,558.24,3.24,2024-11-18,585.43,2024-11-22,501.79,0.55,585.43,14.29,2024-06-26,553.5,98,1.24,36,5
63MOONS.NS,2024-11-28,2024-10-31,630.69,572.01,1.95,2024-11-01,629.19,2024-11-08,554.28,0.28,629.19,11.9,2024-02-19,549.15,172,1.79,17,4
CARERATING.NS,2024-11-25,2024-10-17,1448.17,1228.54,1.58,2024-10-25,1427.55,2024-11-18,1313.92,0.32,1540.07,14.68,2024-02-27,1220.66,156,1.33,12,3
STEELCITY.NS,2024-11-25,2024-11-04,105.53,100.81,3.41,2024-11-05,117.89,2024-11-14,93.24,0.17,117.89,20.91,2024-05-07,99.9,124,1.63,34,13
BANARBEADS.NS,2024-11-07,2024-10-17,143.64,130.11,7.39,2024-10-18,151.41,2024-10-24,116.69,0.36,151.41,22.93,2024-02-08,115.73,169,1.21,33,13
ARIHANTSUP.NS,2024-11-06,2024-09-30,379.91,419.27,2.59,2024-10-03,433.37,2024-10-24,349.82,0.12,433.37,19.28,2024-02-05,413.03,160,3.44,22,4
CLSEL.NS,2024-10-28,2024-09-24,322.3,295.75,8.85,2024-10-04,339.39,2024-10-23,288.6,0.39,345.88,16.56,2024-02-19,265.06,146,0.66,22,9
BIGBLOC.NS,2024-10-24,2024-10-15,130.9,142.98,8.19,2024-10-16,148.5,2024-10-23,118.16,0.37,148.5,20.43,2024-05-07,141.98,110,3.56,33,13
LINC.NS,2024-10-23,2024-09-18,159.66,178.12,2.97,2024-09-26,189.78,2024-10-18,149.92,0.23,189.78,21.0,2024-01-10,177.66,168,0.67,33,9
BERGEPAINT.NS,2024-10-15,2024-09-11,573.05,609.28,2.65,2024-09-17,620.62,2024-10-08,553.28,0.5,620.62,10.85,2024-02-29,607.95,129,1.64,24,9
NIITLTD.NS,2024-10-14,2024-08-26,174.22,151.9,5.62,2024-09-04,188.01,2024-09-24,166.04,0.3,202.12,17.85,2024-02-20,140.85,124,1.92,27,15
BETA.NS,2024-10-14,2024-08-29,1769.45,1663.15,3.39,2024-09-05,1860.0,2024-09-26,1670.0,0.12,1985.0,15.87,2023-12-15,1595.0,170,1.8,22,8
CENTURYPLY.NS,2024-10-11,2024-09-17,903.75,883.93,10.44,2024-09-23,933.82,2024-10-07,829.5,0.56,933.82,11.17,2023-12-22,817.94,179,0.75,38,15
AETHER.NS,2024-10-10,2024-09-09,966.15,974.5,3.36,2024-09-10,1071.0,2024-09-27,912.3,0.82,1071.0,14.82,2023-12-19,950.0,176,1.03,30,7
AVALON.NS,2024-10-10,2024-09-17,619.95,590.7,6.37,2024-09-24,667.0,2024-10-07,527.45,0.25,667.0,20.92,2023-12-27,576.0,177,1.74,20,7
PREMIERPOL.NS,2024-10-10,2024-09-12,46.49,52.98,12.7,2024-09-13,54.65,2024-10-07,43.08,0.32,54.65,21.16,2024-03-01,50.45,129,0.65,26,8
KRSNAA.NS,2024-10-09,2024-09-12,843.19,776.26,2.4,2024-09-20,877.72,2024-10-08,769.13,0.8,877.72,12.37,2023-12-20,762.94,178,0.69,29,10
MANKIND.NS,2024-10-09,2024-09-13,2685.74,2497.82,1.74,2024-09-24,2778.9,2024-10-08,2474.02,0.52,2778.9,10.97,2024-04-23,2489.02,98,0.64,23,7
FLUOROCHEM.NS,2024-10-09,2024-09-09,4361.31,3970.5,4.07,2024-09-17,4503.7,2024-10-07,3879.99,0.46,4503.7,13.85,2024-01-03,3914.09,166,1.64,28,5
SHRIPISTON.NS,2024-10-09,2024-09-06,2146.05,2210.18,1.62,2024-09-16,2381.36,2024-10-08,1935.66,0.53,2381.36,18.72,2024-04-08,2184.1,102,1.27,9,1
MUNJALAU.NS,2024-10-01,2024-09-02,123.51,118.24,10.11,2024-09-09,134.48,2024-09-30,113.48,0.27,134.48,15.62,2024-01-15,111.66,153,0.73,23,12
AEROFLEX.NS,2024-10-01,2024-09-05,191.32,187.26,3.58,2024-09-11,209.4,2024-09-26,172.3,0.3,209.4,17.71,2024-01-12,179.18,157,1.36,14,4
COFORGE.NS,2024-10-01,2024-09-10,1398.81,1336.11,3.04,2024-09-16,1391.29,2024-09-18,1328.85,0.73,1391.29,4.49,2024-02-19,1334.4,136,0.95,19,8
FINOPB.NS,2024-10-01,2024-08-22,421.85,392.1,2.36,2024-08-26,443.0,2024-09-16,387.35,0.25,467.0,17.06,2024-02-06,384.0,132,1.14,41,19
BSE.NS,2024-10-01,2024-09-16,1278.89,1137.34,8.27,2024-09-23,1391.93,2024-09-30,1186.44,0.86,1391.93,14.76,2024-04-24,1076.03,98,1.07,19,6
ALPA.NS,2024-09-27,2024-09-05,132.02,121.69,8.15,2024-09-11,128.45,2024-09-26,109.51,0.35,128.45,14.75,2024-02-07,115.0,141,5.54,11,4
VERANDA.NS,2024-09-26,2024-09-05,322.6,349.1,3.09,2024-09-06,360.25,2024-09-25,290.7,0.99,360.25,19.31,2023-12-12,336.9,179,0.82,33,11
JAGSNPHARM.NS,2024-09-25,2024-09-04,166.96,168.69,2.06,2024-09-05,176.77,2024-09-19,151.56,0.75,176.77,14.27,2023-12-08,163.8,180,0.61,17,3
JMFINANCIL.NS,2024-09-24,2024-09-03,137.55,113.47,4.62,2024-09-05,128.03,2024-09-19,115.34,0.63,130.67,11.74,2024-01-29,107.14,146,2.38,25,5
HCG.NS,2024-09-24,2024-09-05,421.0,409.9,3.16,2024-09-16,428.0,2024-09-18,406.8,0.4,428.0,4.95,2024-02-19,401.0,133,0.69,25,5
HARIOMPIPE.NS,2024-09-23,2024-08-12,791.36,730.77,2.49,2024-08-22,818.45,2024-09-12,761.66,0.23,887.07,14.14,2023-11-15,722.63,180,2.11,20,6
CEATLTD.NS,2024-09-23,2024-09-13,2876.87,2944.68,2.06,2024-09-16,3013.52,2024-09-20,2771.6,0.34,3013.52,8.03,2024-02-23,2902.45,135,0.69,26,9
LAXMICOT.NS,2024-09-23,2024-09-03,39.32,39.57,7.09,2024-09-06,42.38,2024-09-19,34.7,0.45,42.38,18.12,2024-04-19,37.7,92,0.95,36,7
RUSTOMJEE.NS,2024-09-20,2024-08-19,722.97,764.7,2.0,2024-08-28,788.03,2024-09-09,680.8,0.27,788.03,13.61,2024-01-30,747.8,134,1.41,28,4
GUJAPOLLO.NS,2024-09-20,2024-08-22,375.89,341.01,10.07,2024-08-27,410.86,2024-09-09,357.66,0.03,410.86,12.95,2024-01-16,328.63,145,0.67,19,9
PRSMJOHNSN.NS,2024-09-20,2024-09-10,219.54,208.1,12.14,2024-09-11,246.0,2024-09-19,186.55,0.29,246.0,24.17,2024-02-09,199.0,142,1.95,31,10
KPRMILL.NS,2024-09-19,2024-08-06,925.86,936.35,12.27,2024-08-07,999.43,2024-08-29,824.15,0.43,999.43,17.54,2023-11-22,913.37,171,9.64,23,9
KHAICHEM.NS,2024-09-19,2024-08-27,84.43,96.83,4.59,2024-08-28,99.76,2024-09-17,80.64,0.15,99.76,19.17,2024-01-23,96.16,144,0.61,32,12
KRITINUT.NS,2024-09-16,2024-08-07,147.8,135.13,1.71,2024-08-16,166.24,2024-09-03,134.63,0.11,166.24,19.02,2024-01-29,128.18,128,1.34,24,11
GRMOVER.NS,2024-09-16,2024-08-12,92.47,77.79,5.25,2024-08-19,95.33,2024-09-09,82.6,0.37,96.21,14.15,2023-12-13,73.0,161,4.31,40,11
MANGALAM.NS,2024-09-13,2024-08-23,134.75,132.83,2.73,2024-08-26,144.99,2024-08-30,125.71,0.58,144.99,13.3,2024-02-20,132.45,123,1.43,20,2
JKCEMENT.NS,2024-09-13,2024-09-03,4737.32,4619.44,1.74,2024-09-10,4865.63,2024-09-12,4522.24,0.65,4865.63,7.06,2024-03-01,4505.74,122,1.19,21,6
YATHARTH.NS,2024-09-12,2024-08-23,568.3,517.65,3.22,2024-08-27,543.95,2024-09-09,508.1,0.32,543.95,6.59,2024-02-28,504.9,117,3.67,19,7
BAJAJFINSV.NS,2024-09-12,2024-08-29,1852.37,1753.3,2.9,2024-09-06,1895.46,2024-09-11,1811.82,0.58,1895.46,4.41,2023-12-20,1737.57,168,0.78,15,2
ARIHANTCAP.NS,2024-09-12,2024-08-30,103.6,87.95,6.39,2024-09-05,104.49,2024-09-11,94.94,0.39,104.49,9.14,2024-02-05,83.58,139,0.86,30,11
BAJAJHCARE.NS,2024-09-11,2024-08-14,390.55,416.37,3.49,2024-08-22,426.37,2024-09-09,368.26,0.43,426.37,13.63,2023-11-17,404.97,180,0.66,31,16
RADICO.NS,2024-09-10,2024-08-30,2011.66,1934.94,8.15,2024-09-06,2061.43,2024-09-09,1933.1,0.46,2061.43,6.23,2023-12-05,1874.93,180,1.12,23,4
CLEAN.NS,2024-09-10,2024-07-31,1567.53,1606.69,4.36,2024-08-01,1674.46,2024-08-23,1528.81,0.35,1674.46,8.7,2024-01-01,1604.79,141,1.77,12,4
INDOTHAI.NS,2024-09-10,2024-08-27,59.1,37.8,3.8,2024-09-05,51.06,2024-09-06,50.87,0.3,53.61,5.12,2024-02-09,37.17,132,0.89,23,8
JSWHL.NS,2024-09-10,2024-09-03,7702.55,7582.5,4.09,2024-09-05,7899.0,2024-09-09,7330.05,0.47,7899.0,7.2,2024-04-02,7490.85,103,0.81,28,7
MONTECARLO.NS,2024-09-09,2024-08-23,715.12,686.49,2.16,2024-08-28,710.49,2024-08-30,650.26,0.69,710.49,8.48,2023-12-13,684.89,169,2.73,23,13
PANACEABIO.NS,2024-09-06,2024-08-21,245.92,208.54,2.53,2024-08-27,262.6,2024-09-02,220.0,0.47,262.6,16.22,2024-01-04,202.5,152,0.77,27,10
MURUDCERA.NS,2024-09-05,2024-08-20,61.89,67.57,9.41,2024-08-21,69.13,2024-09-02,57.86,0.28,69.13,16.31,2024-03-04,62.66,111,0.69,26,11
EKC.NS,2024-09-05,2024-08-20,188.78,188.97,4.55,2024-08-27,199.51,2024-09-04,178.54,0.77,199.51,10.51,2024-02-09,177.39,127,0.71,15,5
MSPL.NS,2024-09-05,2024-08-01,42.69,33.58,6.17,2024-08-06,37.3,2024-08-14,31.6,0.49,37.3,15.28,2024-01-31,33.4,122,1.14,14,7
APLLTD.NS,2024-09-04,2024-07-16,1087.75,1055.83,10.07,2024-07-26,1193.68,2024-08-14,1025.04,0.55,1252.2,18.14,2024-02-21,1054.23,96,1.84,18,1
JAYSREETEA.NS,2024-09-04,2024-08-22,135.24,138.05,3.14,2024-08-26,143.75,2024-08-30,128.42,0.34,143.75,10.66,2024-02-23,133.4,119,1.63,23,11
EDELWEISS.NS,2024-09-04,2024-08-19,111.2,89.32,2.41,2024-08-28,113.17,2024-08-30,102.83,0.38,113.17,9.14,2023-12-20,85.66,160,0.65,25,0
SHK.NS,2024-09-04,2024-08-19,248.12,223.62,3.33,2024-08-28,251.16,2024-09-02,237.8,0.65,253.75,6.28,2024-02-15,223.39,122,1.04,15,5
VIYASH.NS,2024-09-03,2024-08-19,168.25,157.49,5.16,2024-08-20,175.0,2024-08-29,158.01,0.54,175.0,9.71,2024-02-20,155.5,119,0.67,22,11
VENKEYS.NS,2024-09-03,2024-08-07,2380.67,2169.58,11.24,2024-08-12,2494.62,2024-08-14,2177.85,0.39,2494.62,12.7,2023-11-09,2078.85,180,0.74,32,10
DCW.NS,2024-09-03,2024-08-09,83.81,78.94,4.03,2024-08-20,82.43,2024-09-02,78.6,0.32,88.14,10.82,2024-02-05,72.16,125,0.68,23,7
SAFARI.NS,2024-08-30,2024-08-08,2467.72,2313.7,2.18,2024-08-12,2449.28,2024-08-20,2322.07,0.3,2449.28,5.19,2023-11-21,2305.46,174,2.48,33,9
GLOBUSSPR.NS,2024-08-30,2024-07-30,1069.65,943.79,2.31,2024-08-02,992.83,2024-08-16,844.75,0.53,992.83,14.91,2023-12-06,929.23,157,12.33,26,9
HERANBA.NS,2024-08-28,2024-08-12,500.69,477.12,9.76,2024-08-22,491.24,2024-08-26,468.37,0.38,497.16,5.79,2024-01-05,423.62,145,4.4,29,10
IMPAL.NS,2024-08-28,2024-07-25,1278.09,1186.82,6.45,2024-07-29,1418.57,2024-08-07,1150.7,0.49,1418.57,18.88,2024-01-29,1098.06,119,1.76,17,3
GOLDIAM.NS,2024-08-27,2024-08-13,241.06,177.21,8.34,2024-08-23,215.65,2024-08-26,200.08,0.57,215.65,7.22,2024-02-20,159.82,116,1.86,17,5
LICI.NS,2024-08-27,2024-07-26,520.32,571.04,1.53,2024-08-01,589.19,2024-08-14,483.96,0.69,589.19,17.86,2024-02-09,561.31,111,1.03,11,8
BSL.NS,2024-08-27,2024-08-01,232.37,238.29,3.57,2024-08-06,256.47,2024-08-14,203.98,0.3,256.47,20.47,2023-12-14,236.55,153,0.75,33,8
MFSL.NS,2024-08-27,2024-07-24,1085.45,1094.0,2.61,2024-07-26,1132.5,2024-08-13,1046.1,0.53,1132.5,7.63,2023-12-14,1067.5,147,1.2,17,8
NAHARINDUS.NS,2024-08-27,2024-07-31,164.26,170.66,3.27,2024-08-01,174.5,2024-08-16,141.1,0.7,174.5,19.14,2024-02-07,161.9,116,1.89,22,6
HITECH.NS,2024-08-26,2024-08-14,187.36,169.98,2.16,2024-08-20,192.72,2024-08-23,177.49,0.38,192.72,7.9,2024-02-20,169.94,117,1.58,23,4
KOKUYOCMLN.NS,2024-08-26,2024-07-31,198.99,181.86,6.12,2024-08-02,193.19,2024-08-14,165.13,0.39,193.19,14.52,2023-12-07,177.22,157,3.36,23,2
SHANTIGEAR.NS,2024-08-26,2024-07-08,609.01,644.61,4.37,2024-07-12,686.29,2024-08-05,572.82,0.55,686.29,16.53,2024-01-02,625.49,124,0.88,28,5
SYNGENE.NS,2024-08-26,2024-07-25,849.44,783.06,2.91,2024-08-01,831.03,2024-08-09,788.58,0.75,870.39,9.4,2024-02-16,768.97,105,1.07,11,1
IGARASHI.NS,2024-08-23,2024-08-08,699.76,652.84,7.14,2024-08-20,689.28,2024-08-22,670.32,0.38,703.93,4.77,2023-11-10,619.29,180,0.82,18,2
KITEX.NS,2024-08-22,2024-08-16,124.91,107.3,7.69,2024-08-20,130.51,2024-08-21,111.09,0.5,130.51,14.88,2024-02-05,95.3,129,0.77,12,2
SPORTKING.NS,2024-08-22,2024-07-10,136.5,91.23,5.07,2024-07-22,118.8,2024-08-05,120.96,0.27,143.17,15.51,2024-02-20,89.85,93,0.71,21,3
NAVKARCORP.NS,2024-08-22,2024-07-19,151.08,128.99,2.59,2024-07-30,156.99,2024-08-14,129.48,0.19,156.99,17.52,2024-02-19,125.55,100,1.47,33,6
SILLYMONKS.NS,2024-08-22,2024-07-30,23.83,23.21,1.98,2024-07-31,24.37,2024-08-16,20.15,0.06,24.37,17.32,2023-12-08,23.0,155,1.11,44,17
PCBL.NS,2024-08-21,2024-08-01,425.61,331.37,4.09,2024-08-06,401.11,2024-08-13,354.96,0.21,401.11,11.5,2024-02-08,328.17,116,0.72,8,0
ATUL.NS,2024-08-21,2024-07-22,7917.27,7213.16,3.53,2024-07-31,7957.04,2024-08-14,7527.8,0.37,8067.03,6.68,2024-01-03,7144.62,132,0.6,15,0
NYKAA.NS,2024-08-21,2024-07-30,210.79,200.03,6.5,2024-08-02,204.44,2024-08-13,182.77,0.78,204.44,10.6,2024-01-10,195.5,133,6.36,21,6
OSWALAGRO.NS,2024-08-21,2024-08-08,66.55,62.06,9.38,2024-08-13,69.45,2024-08-14,57.6,0.42,69.45,17.06,2024-01-30,59.0,128,1.11,24,11
HIRECT.NS,2024-08-21,2024-08-02,468.73,414.07,1.88,2024-08-12,452.0,2024-08-14,387.44,0.63,452.0,14.28,2024-03-04,410.27,100,1.18,33,4
GHCLTEXTIL.NS,2024-08-20,2024-07-26,114.39,105.71,8.13,2024-08-06,121.55,2024-08-14,100.05,0.43,121.55,17.69,2024-02-08,96.56,112,1.25,22,2
SBILIFE.NS,2024-08-20,2024-07-15,1755.51,1608.15,2.12,2024-07-25,1695.76,2024-08-16,1660.68,0.52,1785.27,6.98,2024-02-27,1561.04,91,2.51,10,4
SHYAMMETL.NS,2024-08-20,2024-07-31,751.06,729.19,2.87,2024-08-01,758.55,2024-08-19,695.44,0.61,758.55,8.32,2024-01-31,726.87,121,2.43,20,7
RPSGVENT.NS,2024-08-16,2024-08-01,792.55,847.6,6.14,2024-08-02,879.0,2024-08-14,738.4,0.3,879.0,16.0,2024-01-17,847.0,130,1.32,13,3
POWERMECH.NS,2024-08-14,2024-07-12,2833.07,2890.45,3.08,2024-07-24,3248.17,2024-08-09,2737.53,0.43,3248.17,15.72,2024-02-07,2773.01,104,2.29,21,10
AURUM.NS,2024-08-14,2024-08-02,210.03,186.99,4.62,2024-08-06,214.7,2024-08-13,186.0,0.57,214.7,13.37,2024-01-19,186.4,129,2.19,19,10
INFY.NS,2024-08-14,2024-07-12,1713.82,1609.01,2.07,2024-07-19,1733.33,2024-08-08,1623.44,0.71,1788.78,9.24,2024-02-06,1597.03,105,0.95,8,4
WIPRO.NS,2024-08-14,2024-07-12,229.46,259.58,2.31,2024-07-19,268.73,2024-08-08,225.38,0.64,268.73,16.13,2024-02-19,252.97,96,0.63,12,6
HINDCOMPOS.NS,2024-08-13,2024-06-27,571.18,505.63,10.9,2024-07-08,591.47,2024-07-23,528.55,0.21,645.06,18.06,2024-01-11,490.69,110,1.54,36,3
GREAVESCOT.NS,2024-08-12,2024-07-30,166.72,172.26,2.0,2024-07-31,176.14,2024-08-06,150.53,0.56,176.14,14.54,2024-01-23,170.6,125,1.4,18,6
WELCORP.NS,2024-08-12,2024-07-09,690.77,637.98,1.96,2024-07-11,665.14,2024-07-23,614.78,0.44,665.14,7.57,2024-02-06,612.91,102,3.67,15,3
EPL.NS,2024-08-12,2024-07-02,215.41,210.72,8.41,2024-07-09,229.67,2024-07-23,198.51,0.25,231.49,14.25,2023-12-13,203.98,133,2.21,19,6
ORCHPHARMA.NS,2024-08-09,2024-07-22,1566.7,1383.6,4.07,2024-07-26,1459.7,2024-07-29,1338.05,0.77,1459.7,8.33,2024-02-26,1359.95,96,2.33,41,14
DYNPRO.NS,2024-08-09,2024-07-05,382.3,368.5,5.66,2024-07-11,407.7,2024-07-23,346.5,0.19,407.7,15.01,2023-12-15,335.0,134,0.67,17,2
ASIANENE.NS,2024-08-09,2024-07-09,331.71,343.78,1.63,2024-07-18,365.96,2024-08-08,280.21,0.97,365.96,23.43,2024-01-31,343.28,106,1.65,23,7
IDBI.NS,2024-08-09,2024-07-24,96.11,95.46,6.1,2024-07-29,105.64,2024-08-06,89.19,0.5,105.64,15.57,2024-02-06,95.05,112,0.67,17,9
POLYPLEX.NS,2024-08-08,2024-07-30,1132.2,1160.91,4.75,2024-07-31,1199.18,2024-08-06,1068.81,0.63,1199.18,10.87,2024-01-04,1132.59,137,0.77,27,9
KHAITANLTD.NS,2024-08-08,2024-07-29,84.47,96.49,3.72,2024-07-30,101.31,2024-08-07,81.22,0.93,101.31,19.83,2024-02-23,95.25,102,1.92,33,11
SKIPPER.NS,2024-08-08,2024-07-30,401.88,402.58,5.21,2024-07-31,440.81,2024-08-06,364.74,0.73,440.81,17.26,2024-02-26,400.83,102,1.05,33,13
TIPSMUSIC.NS,2024-08-07,2024-07-12,626.47,530.63,2.35,2024-07-24,598.73,2024-08-05,559.17,0.79,631.85,11.5,2024-02-26,512.9,91,2.01,15,3
HBLENGINE.NS,2024-08-07,2024-07-15,610.6,626.48,4.31,2024-07-16,681.53,2024-08-05,558.89,0.63,681.53,17.99,2024-02-09,609.21,103,0.61,17,4
TBZ.NS,2024-08-07,2024-07-11,166.59,144.18,5.53,2024-07-23,154.62,2024-08-05,131.54,0.43,160.55,18.07,2023-12-21,141.98,134,3.59,19,0
INDIAMART.NS,2024-08-07,2024-07-15,2619.95,2755.8,3.59,2024-07-25,2904.55,2024-08-06,2517.75,0.83,3044.87,17.31,2023-12-19,2750.45,138,0.65,27,4
VLSFINANCE.NS,2024-08-07,2024-07-09,314.38,320.4,3.45,2024-07-10,332.73,2024-07-23,287.19,0.53,332.73,13.69,2024-02-19,317.98,93,2.3,27,3
HINDUNILVR.NS,2024-08-06,2024-07-16,2642.27,2583.09,1.64,2024-07-23,2701.12,2024-07-25,2565.36,0.91,2701.12,5.03,2024-01-01,2540.04,131,1.02,9,4
NITINSPIN.NS,2024-08-06,2024-07-16,430.01,393.6,7.5,2024-07-25,440.45,2024-08-05,394.09,0.79,440.45,10.52,2024-02-06,388.77,107,2.64,10,1
SUNFLAG.NS,2024-08-01,2024-07-04,263.55,251.48,10.23,2024-07-08,274.01,2024-07-23,232.44,0.41,274.01,15.17,2024-01-30,243.61,104,2.49,28,8
FMGOETZE.NS,2024-07-31,2024-06-11,443.1,419.35,1.93,2024-06-20,453.1,2024-07-10,415.55,0.7,458.6,9.39,2023-09-12,416.5,180,1.76,26,10
BBOX.NS,2024-07-31,2024-06-26,511.28,323.38,8.78,2024-07-05,403.01,2024-07-10,367.09,0.74,429.06,14.44,2024-01-01,305.03,117,0.97,14,2
SURYALAXMI.NS,2024-07-31,2024-07-03,92.58,90.79,3.29,2024-07-04,94.9,2024-07-23,80.1,0.17,94.9,15.6,2023-12-27,89.5,125,2.03,30,5
MANOMAY.NS,2024-07-30,2024-07-16,280.64,212.89,6.33,2024-07-26,257.0,2024-07-29,249.55,0.91,273.5,8.76,2024-01-16,209.8,120,1.85,37,7
NELCO.NS,2024-07-30,2024-07-04,878.94,880.79,10.05,2024-07-05,954.55,2024-07-23,758.55,0.28,954.55,20.53,2024-01-15,879.08,113,0.96,33,7
LGBBROSLTD.NS,2024-07-30,2024-06-28,1428.73,1387.76,2.2,2024-07-01,1482.33,2024-07-23,1315.71,0.6,1482.33,11.24,2024-01-12,1383.68,110,0.97,10,3
RPGLIFE.NS,2024-07-30,2024-07-16,1944.58,1791.48,6.35,2024-07-22,2025.56,2024-07-29,1798.84,0.48,2025.56,11.19,2024-02-16,1688.98,99,1.18,23,4
NAHARPOLY.NS,2024-07-30,2024-07-01,323.05,288.77,6.38,2024-07-09,332.51,2024-07-23,250.72,0.27,332.51,24.6,2023-10-03,253.19,180,1.14,29,3
JINDALPHOT.NS,2024-07-30,2024-06-25,928.35,845.55,7.55,2024-07-02,975.0,2024-07-23,767.65,0.31,975.0,21.27,2023-10-17,821.15,166,7.35,29,11
ONEPOINT.NS,2024-07-30,2024-07-03,69.87,70.7,6.78,2024-07-05,77.2,2024-07-23,62.25,0.47,77.2,19.37,2024-01-23,68.4,107,0.62,23,3
WELSPUNLIV.NS,2024-07-29,2024-07-11,187.06,172.09,4.13,2024-07-22,179.74,2024-07-23,163.05,0.87,179.74,9.29,2024-01-31,169.0,108,0.98,26,2
SHREYANIND.NS,2024-07-29,2024-07-08,290.22,315.34,7.36,2024-07-09,330.28,2024-07-23,261.75,0.42,330.28,20.75,2023-10-17,301.3,175,0.8,20,6
ARTEMISMED.NS,2024-07-26,2024-07-11,245.25,217.55,11.9,2024-07-15,248.14,2024-07-23,199.32,0.55,248.14,19.67,2024-01-08,192.56,122,1.45,22,6
20MICRONS.NS,2024-07-26,2024-06-21,254.85,210.32,6.65,2024-06-27,231.14,2024-07-18,203.31,0.25,232.19,12.44,2023-12-22,197.75,119,7.85,29,10
GABRIEL.NS,2024-07-26,2024-06-25,492.27,469.98,5.85,2024-06-27,510.03,2024-07-19,458.78,0.39,510.03,10.05,2023-12-06,437.96,133,1.51,20,7
PRIVISCL.NS,2024-07-26,2024-06-24,1617.17,1406.27,2.36,2024-07-03,1537.4,2024-07-22,1434.34,0.28,1664.56,13.83,2023-11-06,1357.07,152,1.11,26,8
SUVEN.NS,2024-07-25,2024-07-08,140.82,139.81,6.09,2024-07-09,144.8,2024-07-22,122.66,0.34,144.8,15.29,2024-01-12,129.0,116,0.78,13,2
DHARMAJ.NS,2024-07-25,2024-07-02,333.76,298.46,7.39,2024-07-03,328.46,2024-07-23,290.0,0.61,328.46,11.71,2024-01-04,290.0,118,2.09,13,2
SHREEPUSHK.NS,2024-07-25,2024-07-08,240.34,242.87,1.82,2024-07-11,257.09,2024-07-23,209.44,0.5,257.09,18.53,2023-12-27,239.29,128,0.77,24,10
ROSSELLIND.NS,2024-07-25,2024-06-24,609.58,547.73,7.37,2024-06-27,596.96,2024-07-19,557.37,0.17,660.1,15.56,2023-10-03,531.34,175,0.79,23,12
OAL.NS,2024-07-25,2024-07-02,461.65,434.05,7.74,2024-07-03,454.22,2024-07-23,405.17,0.53,496.06,18.32,2024-01-11,423.25,113,0.72,31,9
RPPINFRA.NS,2024-07-25,2024-07-09,193.99,164.89,7.66,2024-07-10,184.22,2024-07-22,152.93,0.51,184.22,16.99,2024-02-07,159.41,101,3.39,17,0
COSMOFIRST.NS,2024-07-24,2024-06-20,873.0,775.48,9.11,2024-07-01,815.15,2024-07-23,778.15,0.64,917.96,15.23,2023-09-21,699.05,180,2.62,15,8
CUB.NS,2024-07-24,2024-06-25,117.21,122.7,2.9,2024-07-04,127.46,2024-07-23,110.88,0.53,127.46,13.01,2023-12-18,122.39,125,0.68,15,5
MARKSANS.NS,2024-07-24,2024-07-05,204.1,186.95,9.17,2024-07-16,195.96,2024-07-23,175.14,0.56,195.96,10.62,2024-01-03,178.3,122,2.59,27,9
STOVEKRAFT.NS,2024-07-24,2024-06-24,618.29,585.02,1.96,2024-07-02,651.65,2024-07-23,558.31,0.56,651.65,14.32,2023-10-17,574.9,165,0.87,15,3
SHARDACROP.NS,2024-07-24,2024-07-01,527.39,479.52,6.34,2024-07-08,514.9,2024-07-22,465.78,0.76,514.9,9.54,2023-12-28,451.02,122,3.11,19,7
INDIAGLYCO.NS,2024-07-24,2024-07-11,533.22,479.24,5.49,2024-07-22,519.53,2024-07-23,477.63,0.99,519.53,8.07,2024-02-05,478.02,105,1.02,12,4
TALBROAUTO.NS,2024-07-24,2024-07-10,370.43,371.62,7.9,2024-07-11,393.82,2024-07-23,329.86,0.42,393.82,16.24,2023-11-22,345.17,153,0.63,15,6
OPTIEMUS.NS,2024-07-24,2024-07-04,438.8,380.0,6.4,2024-07-09,431.5,2024-07-23,358.6,0.97,431.5,16.89,2023-12-12,359.3,136,3.41,23,3
FOSECOIND.NS,2024-07-24,2024-06-20,4457.57,4135.89,1.7,2024-06-27,4315.32,2024-07-10,4054.31,0.81,4341.58,6.62,2023-12-19,4076.31,121,5.26,25,8
NLCINDIA.NS,2024-07-24,2024-07-15,274.96,288.22,2.22,2024-07-16,301.85,2024-07-23,233.83,0.57,301.85,22.53,2024-02-05,282.7,107,0.96,20,3
LIBERTSHOE.NS,2024-07-23,2024-07-02,414.8,428.95,3.06,2024-07-11,446.0,2024-07-22,379.05,0.3,449.0,15.58,2024-01-30,413.3,102,1.23,20,3
SIL.NS,2024-07-23,2024-07-05,28.07,28.44,8.12,2024-07-08,30.09,2024-07-19,24.8,0.44,30.09,17.59,2024-01-16,26.32,113,3.31,13,6
TTKPRESTIG.NS,2024-07-23,2024-07-01,891.15,803.96,3.43,2024-07-05,877.65,2024-07-15,837.76,0.82,884.23,5.26,2023-10-23,797.58,166,1.55,27,8
ASAHIINDIA.NS,2024-07-23,2024-06-18,691.43,665.92,10.41,2024-06-25,718.09,2024-07-16,641.75,0.33,718.09,10.63,2023-09-20,647.47,179,8.14,42,13
BOMDYEING.NS,2024-07-23,2024-06-24,222.64,195.1,7.33,2024-07-03,217.66,2024-07-22,197.43,0.35,227.84,13.35,2024-01-30,188.54,96,1.31,21,6
IGPL.NS,2024-07-22,2024-06-20,581.04,582.77,4.37,2024-06-27,600.17,2024-07-19,556.07,0.81,631.71,11.97,2023-09-21,565.37,180,0.74,17,9
NBCC.NS,2024-07-22,2024-07-04,121.32,122.43,3.61,2024-07-09,130.05,2024-07-19,112.14,0.69,130.05,13.77,2024-02-05,115.98,100,1.2,20,4
GRAVITA.NS,2024-07-22,2024-06-12,1444.17,1328.41,7.08,2024-06-21,1629.55,2024-07-10,1331.65,0.31,1629.55,18.28,2023-11-13,1155.45,140,2.28,23,0
AWHCL.NS,2024-07-22,2024-07-05,668.75,582.45,5.78,2024-07-16,625.0,2024-07-19,584.1,0.44,636.8,8.28,2024-01-31,579.1,104,4.55,25,1
VSTIND.NS,2024-07-19,2024-06-10,384.33,351.88,2.02,2024-06-13,367.31,2024-06-27,332.81,0.63,367.31,9.39,2024-01-03,351.25,104,14.43,30,9
JISLDVREQS.NS,2024-07-18,2024-06-11,43.23,40.25,4.36,2024-06-21,45.95,2024-06-27,40.05,0.83,45.95,12.84,2024-01-23,39.45,92,1.37,29,8
KINGFA.NS,2024-07-18,2024-07-03,2540.6,2597.03,10.43,2024-07-04,2847.76,2024-07-10,2191.1,0.49,2847.76,23.06,2023-12-15,2480.87,132,1.02,19,6
FIBERWEB.NS,2024-07-16,2024-06-26,44.93,46.86,10.59,2024-06-27,48.88,2024-07-12,40.7,0.24,48.88,16.73,2024-02-05,45.25,94,1.76,45,19
ALANKIT.NS,2024-07-16,2024-07-01,24.7,23.69,7.08,2024-07-05,26.4,2024-07-15,22.48,0.46,26.4,14.85,2024-01-12,23.6,111,1.41,27,5
PRECWIRE.NS,2024-07-16,2024-06-21,161.19,156.06,5.1,2024-06-25,171.05,2024-07-10,150.54,0.43,173.17,13.07,2024-02-01,153.12,93,0.67,25,5
BIRLAMONEY.NS,2024-07-15,2024-06-07,172.66,155.65,10.93,2024-06-18,173.29,2024-07-02,159.4,0.36,183.4,13.09,2024-01-12,148.35,96,2.36,29,5
GILLETTE.NS,2024-07-15,2024-06-05,7388.3,7209.85,2.15,2024-06-11,7699.3,2024-07-02,6932.16,0.53,7699.3,9.96,2024-01-08,6973.75,98,1.91,29,9
PGIL.NS,2024-07-15,2024-06-25,746.28,742.84,13.54,2024-07-01,809.52,2024-07-10,697.13,0.19,809.52,13.88,2023-10-17,715.2,166,2.12,14,2
PUNJABCHEM.NS,2024-07-15,2024-06-21,1408.47,1402.96,3.39,2024-06-26,1563.92,2024-07-12,1301.97,0.2,1563.92,16.75,2023-12-29,1381.21,115,0.85,28,11
ROUTE.NS,2024-07-15,2024-06-24,1770.22,1698.21,14.95,2024-06-27,1872.82,2024-07-08,1699.37,0.29,1872.82,9.26,2024-01-02,1680.43,114,1.93,31,6
COHANCE.NS,2024-07-11,2024-06-27,854.05,787.35,6.42,2024-07-03,839.95,2024-07-08,789.1,0.15,839.95,6.05,2024-01-04,768.0,115,1.5,33,2
KAYA.NS,2024-07-11,2024-06-13,698.65,390.65,14.46,2024-06-24,518.0,2024-06-27,434.05,0.21,518.0,16.21,2023-10-18,379.85,158,0.64,24,3
INDIACEM.NS,2024-07-11,2024-06-27,304.9,293.23,8.94,2024-06-28,307.9,2024-07-09,272.5,0.19,307.9,11.5,2024-01-04,277.0,115,0.78,15,4
PIXTRANS.NS,2024-07-11,2024-06-25,1383.13,1467.7,8.77,2024-06-26,1562.31,2024-07-10,1313.34,0.43,1562.31,15.94,2023-12-12,1466.66,129,0.65,32,6
MALLCOM.NS,2024-07-11,2024-07-01,1528.46,1245.1,4.81,2024-07-08,1381.18,2024-07-09,1284.22,0.56,1381.18,7.02,2023-12-22,1162.68,125,4.94,24,5
JISLJALEQS.NS,2024-07-09,2024-06-10,75.58,73.67,4.67,2024-06-20,84.19,2024-07-08,69.69,0.75,84.19,17.22,2023-11-20,73.45,134,1.51,17,5
BANARISUG.NS,2024-07-09,2024-06-14,3242.75,2938.74,6.25,2024-06-25,3375.21,2024-07-04,3038.59,0.34,3375.21,9.97,2023-09-18,2899.57,179,0.97,22,8
THANGAMAYL.NS,2024-07-09,2024-06-21,1815.02,1625.25,7.93,2024-06-28,1751.19,2024-07-02,1678.47,0.65,1751.19,4.15,2023-12-27,1525.49,117,2.3,14,3
MHRIL.NS,2024-07-09,2024-06-20,459.05,474.85,7.6,2024-06-21,505.0,2024-07-08,437.05,0.47,505.0,13.46,2023-10-17,470.0,163,0.71,24,9
MANALIPETC.NS,2024-07-09,2024-06-10,100.15,86.97,4.63,2024-06-20,95.25,2024-06-27,90.08,0.54,97.76,7.85,2024-01-11,85.84,98,2.93,26,11
BBTC.NS,2024-07-09,2024-06-24,2334.33,1975.87,15.59,2024-06-28,2126.24,2024-07-08,1953.9,0.19,2126.24,8.11,2024-02-06,1772.44,91,5.76,27,7
AVANTIFEED.NS,2024-07-09,2024-06-07,597.16,594.55,12.32,2024-06-19,649.23,2024-06-27,564.26,0.39,649.23,13.09,2024-01-15,578.22,95,1.11,49,11
HSCL.NS,2024-07-09,2024-06-20,424.54,400.05,3.31,2024-06-21,417.4,2024-06-28,381.75,0.74,417.4,8.54,2024-01-08,397.12,108,2.2,15,7
SUNTECK.NS,2024-07-09,2024-06-10,566.13,521.64,3.33,2024-06-20,611.81,2024-07-08,514.54,0.82,615.73,16.44,2023-11-29,508.37,128,0.89,28,7
FACT.NS,2024-07-08,2024-06-19,1109.56,907.39,4.67,2024-06-21,1185.35,2024-06-27,948.68,0.26,1185.35,19.97,2024-01-25,906.74,95,1.07,33,12
DABUR.NS,2024-07-08,2024-06-04,600.46,556.88,3.67,2024-06-05,610.05,2024-06-21,566.85,0.66,610.05,7.08,2023-09-18,552.49,171,2.25,13,7
HESTERBIO.NS,2024-07-05,2024-06-07,2628.79,1842.65,1.58,2024-06-19,2147.97,2024-06-28,2340.99,0.45,2699.31,13.27,2023-09-11,1783.35,179,1.1,32,14
SEAMECLTD.NS,2024-07-05,2024-06-25,1373.1,1220.95,2.24,2024-06-28,1342.0,2024-07-01,1261.1,0.97,1342.0,6.03,2024-01-10,1212.0,109,1.3,30,1
JAYAGROGN.NS,2024-07-05,2024-06-14,309.07,285.45,6.08,2024-06-20,332.88,2024-06-28,286.98,0.24,332.88,13.79,2024-01-12,269.59,101,0.61,23,5
KDDL.NS,2024-07-05,2024-06-27,3280.31,3145.24,6.82,2024-06-28,3454.48,2024-07-04,3051.27,0.26,3454.48,11.67,2023-11-22,3086.51,144,1.96,14,7
LTFOODS.NS,2024-07-05,2024-06-07,255.91,241.35,4.75,2024-06-18,264.34,2024-07-04,248.66,0.36,271.3,8.35,2023-12-05,230.89,123,1.29,18,7
SANDESH.NS,2024-07-05,2024-06-21,1647.2,1474.89,3.02,2024-06-25,1769.09,2024-07-01,1493.61,0.87,1769.09,15.57,2024-01-08,1425.6,109,1.97,26,6
SWARAJENG.NS,2024-07-05,2024-06-10,2804.47,2387.75,3.8,2024-06-20,2704.11,2024-07-02,2614.92,0.56,2901.16,9.87,2023-12-18,2346.5,115,0.61,23,5
BECTORFOOD.NS,2024-07-05,2024-06-05,284.48,281.85,5.54,2024-06-06,306.62,2024-06-27,270.18,0.42,310.66,13.03,2023-11-13,272.24,135,0.75,16,9
SUZLON.NS,2024-07-04,2024-06-21,54.03,53.05,2.18,2024-06-24,55.7,2024-06-27,51.5,0.7,55.7,7.54,2024-02-02,50.6,92,1.01,16,2
MAHSCOOTER.NS,2024-07-04,2024-06-24,9088.61,8643.51,8.56,2024-06-28,8998.29,2024-07-01,8557.04,0.58,8998.29,4.9,2023-10-20,8321.37,162,1.21,24,10
MAPMYINDIA.NS,2024-07-04,2024-06-20,2431.83,2394.27,14.31,2024-06-21,2730.32,2024-06-28,2188.94,0.55,2730.32,19.83,2023-11-17,2328.99,142,0.74,31,9
HONDAPOWER.NS,2024-07-04,2024-06-14,3896.85,3184.09,5.8,2024-06-21,3809.59,2024-06-24,3409.76,0.36,3809.59,10.5,2023-10-04,2982.39,169,1.84,35,13
SPAL.NS,2024-07-04,2024-06-20,793.33,687.67,3.38,2024-07-01,775.08,2024-07-03,737.98,0.94,784.26,5.9,2023-10-20,673.01,160,0.77,42,9
GUFICBIO.NS,2024-07-04,2024-06-10,368.31,375.16,8.41,2024-06-12,386.75,2024-06-28,343.62,0.19,386.75,11.15,2024-01-11,356.72,98,1.18,19,6
ESSARSHPNG.NS,2024-07-04,2024-06-11,54.82,45.0,7.89,2024-06-20,59.45,2024-07-01,48.51,0.32,59.45,18.4,2023-12-20,38.95,114,1.43,19,8
KNRCON.NS,2024-07-03,2024-05-31,362.57,317.26,5.18,2024-06-06,406.19,2024-06-27,341.82,0.16,406.19,15.85,2023-11-22,304.89,126,1.11,26,11
RKFORGE.NS,2024-07-03,2024-06-19,954.76,840.61,6.28,2024-06-24,964.67,2024-06-27,876.7,0.81,964.67,9.12,2023-12-01,809.96,132,1.13,24,10
SANSERA.NS,2024-07-03,2024-06-11,1345.37,1171.04,4.09,2024-06-20,1325.21,2024-06-24,1235.97,0.77,1325.21,6.73,2024-01-05,1085.49,103,0.67,12,3
BEPL.NS,2024-07-03,2024-06-19,127.91,108.92,11.05,2024-06-21,126.94,2024-06-28,108.95,0.92,126.94,14.17,2024-01-16,106.96,101,1.9,20,7
CHEMPLASTS.NS,2024-07-03,2024-06-10,563.5,544.8,11.69,2024-06-14,633.9,2024-06-28,527.65,0.38,633.9,16.76,2023-12-22,527.8,111,0.6,29,4
HUHTAMAKI.NS,2024-07-02,2024-06-21,368.32,365.08,8.62,2024-06-24,391.0,2024-07-01,351.36,0.56,391.0,10.14,2024-01-16,342.86,103,1.31,28,9
UFLEX.NS,2024-07-02,2024-06-19,531.26,504.87,9.28,2024-06-24,543.69,2024-06-26,507.33,0.3,543.69,6.69,2023-12-28,492.98,114,2.15,33,4
JKPAPER.NS,2024-07-02,2024-06-14,618.51,479.0,7.52,2024-06-26,547.95,2024-07-01,518.52,0.24,548.48,5.46,2024-01-30,437.16,91,7.35,21,3
TARC.NS,2024-07-02,2024-06-13,208.04,192.99,2.9,2024-06-24,204.8,2024-06-27,186.0,0.68,204.8,9.18,2024-01-12,184.9,100,2.67,15,4
NESCO.NS,2024-07-01,2024-06-12,934.51,921.35,4.95,2024-06-13,984.94,2024-06-27,887.82,0.79,984.94,9.86,2023-12-26,907.31,112,1.35,8,1
NFL.NS,2024-07-01,2024-06-20,131.86,148.21,6.6,2024-06-21,152.72,2024-06-27,123.4,0.37,152.72,19.2,2024-01-25,128.17,96,0.72,22,3
RACE.NS,2024-07-01,2024-06-12,438.65,410.35,5.34,2024-06-24,445.95,2024-06-27,412.0,0.29,445.95,7.61,2023-12-14,408.65,119,4.3,18,10
EMAMILTD.NS,2024-07-01,2024-05-30,693.53,588.46,9.87,2024-06-07,732.87,2024-06-27,655.02,0.23,732.87,10.62,2024-01-01,561.19,99,5.71,20,11
ELIN.NS,2024-07-01,2024-06-21,211.25,208.32,7.49,2024-06-24,221.8,2024-06-28,195.0,0.64,221.8,12.08,2023-10-13,194.35,166,1.12,26,9
DODLA.NS,2024-07-01,2024-06-13,1040.78,1052.43,1.63,2024-06-14,1074.05,2024-06-27,974.38,0.59,1074.05,9.28,2024-01-29,1046.73,91,1.15,34,10
WHEELS.NS,2024-07-01,2024-06-13,796.97,790.02,1.88,2024-06-18,833.59,2024-06-28,757.64,0.43,833.59,9.11,2023-10-03,788.33,169,1.03,33,9
SUNTV.NS,2024-07-01,2024-06-05,745.45,716.81,2.58,2024-06-12,759.3,2024-06-19,709.19,0.6,759.3,6.6,2024-01-04,697.83,100,0.65,13,10
SAMPANN.NS,2024-07-01,2024-06-14,33.72,30.44,2.7,2024-06-25,36.78,2024-06-28,29.16,0.59,36.78,20.72,2024-01-04,30.0,107,0.65,41,5
RCF.NS,2024-07-01,2024-06-20,192.44,217.12,7.55,2024-06-21,222.43,2024-06-27,178.52,0.34,222.43,19.74,2024-01-23,183.65,98,0.73,19,4
MPSLTD.NS,2024-07-01,2024-06-05,1998.16,1845.09,3.6,2024-06-14,2003.46,2024-06-25,1814.13,0.37,2003.46,9.45,2023-11-21,1782.22,130,1.76,18,5
PRAJIND.NS,2024-06-28,2024-06-13,705.23,663.66,3.32,2024-06-19,692.99,2024-06-24,646.43,0.21,692.99,6.72,2023-11-30,629.59,130,1.48,19,4
BLUEDART.NS,2024-06-28,2024-06-10,7914.01,7629.13,4.26,2024-06-13,8120.86,2024-06-26,7586.19,0.39,8120.86,6.58,2023-12-11,7589.47,120,0.79,29,16
VHL.NS,2024-06-28,2024-06-24,4033.32,4057.75,11.84,2024-06-25,4438.96,2024-06-27,3541.19,0.9,4438.96,20.22,2024-01-04,3531.21,112,3.83,20,9
FIEMIND.NS,2024-06-26,2024-06-07,1261.62,1240.4,3.64,2024-06-18,1293.61,2024-06-20,1191.96,0.85,1293.61,7.86,2024-01-15,1234.87,95,0.65,25,1
FINCABLES.NS,2024-06-25,2024-05-24,1617.12,1263.4,9.58,2024-05-27,1484.34,2024-06-05,1280.59,0.16,1484.34,13.73,2023-09-28,1200.75,157,0.82,18,10
HECPROJECT.NS,2024-06-25,2024-06-11,122.4,106.97,8.2,2024-06-13,123.54,2024-06-19,107.5,0.38,123.54,12.98,2023-12-28,105.85,109,1.41,36,12
VISHNU.NS,2024-06-24,2024-06-10,445.93,371.58,2.44,2024-06-19,461.76,2024-06-21,416.67,0.62,461.76,9.76,2023-12-27,371.48,109,1.22,11,4
GMBREW.NS,2024-06-21,2024-05-21,638.37,628.78,2.16,2024-05-24,674.98,2024-06-05,568.44,0.8,674.98,15.78,2023-10-10,627.75,147,2.31,37,21
ZENSARTECH.NS,2024-06-21,2024-06-06,714.0,633.97,2.68,2024-06-13,686.42,2024-06-18,654.67,0.65,686.42,4.63,2023-12-27,609.26,107,2.74,22,10
POKARNA.NS,2024-06-20,2024-06-06,734.42,612.7,2.57,2024-06-11,687.7,2024-06-19,635.2,0.52,687.7,7.63,2023-11-15,597.97,135,5.06,38,19
SUMICHEM.NS,2024-06-20,2024-05-28,493.27,446.21,12.39,2024-06-06,496.9,2024-06-19,466.44,0.83,507.58,8.11,2023-09-05,446.12,175,0.85,19,7
ERIS.NS,2024-06-18,2024-06-06,1036.97,967.14,4.06,2024-06-10,1042.36,2024-06-14,990.04,0.44,1042.36,5.02,2023-11-09,961.25,138,0.93,34,10
SKFINDIA.NS,2024-06-14,2024-05-16,6600.88,5397.57,3.14,2024-05-24,6084.73,2024-06-04,5287.71,0.39,6084.73,13.1,2023-09-12,5188.23,163,4.74,30,12
MAZDOCK.NS,2024-06-13,2024-05-17,1667.99,1356.4,4.13,2024-05-29,1674.91,2024-06-07,1520.38,0.62,1711.34,11.16,2023-09-08,1209.28,166,0.9,23,8
PARAS.NS,2024-06-13,2024-05-24,963.36,858.49,11.48,2024-06-03,984.04,2024-06-04,749.42,0.94,984.04,23.84,2023-09-08,847.35,170,2.48,31,13
SCPL.NS,2024-06-11,2024-05-13,604.3,483.9,12.39,2024-05-23,519.5,2024-06-04,450.5,0.81,545.95,17.48,2023-10-11,471.5,141,6.26,30,9
DYCL.NS,2024-06-11,2024-05-13,300.53,260.74,8.12,2024-05-15,310.45,2024-06-05,248.82,0.28,310.45,19.85,2023-09-12,259.92,160,1.39,17,8
DLINKINDIA.NS,2024-06-11,2024-05-13,416.3,343.55,12.42,2024-05-15,404.2,2024-06-04,321.88,0.45,404.2,20.37,2023-09-05,323.56,165,1.81,19,3
HARSHA.NS,2024-06-07,2024-05-22,509.05,493.23,5.49,2024-05-27,518.32,2024-06-05,443.08,0.41,518.32,14.52,2023-08-30,468.03,175,1.6,17,10
PGEL.NS,2024-06-07,2024-05-24,281.13,259.95,2.39,2024-06-03,275.59,2024-06-06,252.82,0.53,275.59,8.26,2023-12-21,256.76,101,2.35,16,5
TIMKEN.NS,2024-06-06,2024-05-09,4081.52,3417.25,4.97,2024-05-16,4238.81,2024-06-04,3687.81,0.49,4297.72,14.19,2023-08-10,3400.99,180,0.62,27,13
CIEINDIA.NS,2024-06-06,2024-05-23,523.28,520.3,2.41,2024-05-27,535.73,2024-06-04,467.67,0.94,535.73,12.7,2023-09-01,510.49,174,0.64,19,5
ZYDUSWELL.NS,2024-06-05,2024-05-08,376.31,341.68,2.42,2024-05-15,355.15,2024-06-03,337.79,0.92,359.95,6.16,2023-08-28,336.21,168,3.56,26,6
BOSCH-HCIL.NS,2024-06-05,2024-05-24,1771.08,1444.66,4.99,2024-06-03,1863.19,2024-06-04,1587.54,0.68,1863.19,14.79,2023-09-04,1315.92,174,0.64,30,13
SKYGOLD.NS,2024-05-30,2024-05-06,122.81,133.14,2.16,2024-05-07,139.79,2024-05-29,108.2,0.41,139.79,22.6,2023-12-08,129.93,97,0.97,26,2
GOKULAGRO.NS,2024-05-28,2024-05-06,78.47,72.18,10.19,2024-05-08,82.88,2024-05-27,69.15,0.22,82.88,16.56,2023-12-14,67.5,93,3.38,24,10
MMFL.NS,2024-05-27,2024-04-26,609.87,556.04,3.06,2024-05-07,586.41,2024-05-13,538.06,0.23,586.41,8.24,2023-08-01,534.83,179,8.12,27,7
MANORAMA.NS,2024-05-27,2024-04-16,595.27,500.95,1.97,2024-04-23,657.41,2024-05-15,544.51,0.27,669.75,18.7,2023-10-11,476.56,124,1.12,15,5
EIMCOELECO.NS,2024-05-24,2024-04-19,2035.43,1915.52,1.89,2024-04-29,2413.14,2024-05-13,1818.3,0.42,2413.14,24.65,2023-11-29,1884.63,94,0.65,25,5
GKWLIMITED.NS,2024-05-24,2024-04-10,2433.65,2092.35,1.57,2024-04-19,2768.0,2024-05-10,2261.1,0.06,2768.0,18.31,2023-11-07,2018.0,103,3.66,33,8
MARICO.NS,2024-05-22,2024-05-08,590.9,583.98,2.48,2024-05-14,600.41,2024-05-17,570.9,0.55,600.41,4.92,2023-10-03,572.8,144,1.07,17,7
ESTER.NS,2024-05-21,2024-04-23,127.78,115.85,8.01,2024-05-02,130.32,2024-05-13,112.36,0.33,130.32,13.78,2023-07-27,110.98,179,1.47,30,14
CENTUM.NS,2024-05-17,2024-04-23,1885.58,2005.08,2.8,2024-04-29,2086.7,2024-05-15,1777.52,0.8,2086.7,14.82,2023-08-24,1933.71,160,0.81,12,8
SUPREMEIND.NS,2024-05-16,2024-04-29,5422.06,4850.98,9.68,2024-05-07,5421.58,2024-05-08,4872.42,0.97,5421.58,10.13,2023-10-20,4776.54,125,0.65,14,1
SCHAEFFLER.NS,2024-05-15,2024-05-02,3862.56,3687.3,1.61,2024-05-09,3953.63,2024-05-13,3707.75,0.52,3953.63,6.22,2023-09-12,3635.38,153,1.76,18,5
AFSL.NS,2024-05-14,2024-04-08,446.95,405.05,9.94,2024-04-18,443.6,2024-05-10,391.65,0.83,443.6,11.71,2023-10-09,353.95,121,2.3,27,9
GRSE.NS,2024-05-14,2024-04-24,971.98,970.15,2.36,2024-04-25,1063.17,2024-05-09,869.0,0.46,1063.17,18.26,2023-09-08,951.34,150,1.55,26,5
TEJASNET.NS,2024-05-13,2024-04-23,1195.55,1084.35,8.27,2024-04-30,1179.11,2024-05-07,1030.3,0.67,1179.11,12.62,2023-10-18,936.63,123,0.81,12,3
NGLFINE.NS,2024-05-10,2024-04-18,2395.4,2553.61,7.92,2024-04-25,2817.73,2024-05-09,2237.45,0.35,2817.73,20.59,2023-08-24,2434.62,157,1.27,26,10
HONAUT.NS,2024-05-10,2024-04-10,46475.54,43528.2,3.06,2024-04-16,45107.58,2024-04-30,41698.19,0.68,45452.45,8.26,2023-08-01,43080.47,169,3.31,20,3
UNIVCABLES.NS,2024-05-10,2024-04-22,574.86,568.49,7.37,2024-04-23,604.28,2024-05-08,533.14,0.29,604.28,11.77,2023-11-03,547.06,111,1.87,20,3
ANTELOPUS.NS,2024-05-07,2024-04-15,708.1,596.2,9.86,2024-04-16,683.7,2024-05-06,600.05,0.25,683.7,12.23,2023-11-23,554.0,94,4.68,32,6
FINPIPE.NS,2024-05-07,2024-04-24,277.02,267.41,3.87,2024-04-26,272.78,2024-05-02,258.1,0.41,272.78,5.38,2023-09-04,253.61,154,2.54,25,6
HINDZINC.NS,2024-05-03,2024-04-03,428.71,299.44,6.22,2024-04-12,399.26,2024-04-19,358.58,0.8,399.26,10.19,2023-07-14,294.5,176,1.74,13,4
HGINFRA.NS,2024-04-25,2024-04-02,1147.74,1055.81,6.22,2024-04-08,1120.62,2024-04-19,998.29,0.55,1120.62,10.92,2023-09-06,1015.98,138,3.81,19,10
JUBLINGREA.NS,2024-04-24,2024-04-10,545.61,534.17,10.88,2024-04-12,564.82,2024-04-19,504.95,0.83,564.82,10.6,2023-09-07,512.46,143,2.36,20,10
ABCAPITAL.NS,2024-04-23,2024-04-02,216.85,201.05,6.08,2024-04-04,208.7,2024-04-19,195.2,0.58,211.0,7.49,2023-08-01,196.95,163,2.78,19,12
INDSWFTLAB.NS,2024-04-23,2024-04-05,123.75,128.25,3.0,2024-04-08,138.45,2024-04-19,114.35,0.37,138.45,17.41,2023-09-06,123.4,141,0.6,20,5
DJML.NS,2024-04-12,2024-03-28,74.2,56.7,2.06,2024-04-03,70.01,2024-04-09,64.83,0.48,70.01,7.41,2023-08-04,56.18,158,2.53,35,5
HCG.NS,2024-04-03,2024-02-16,349.1,384.35,3.35,2024-02-19,401.0,2024-03-12,323.85,0.41,401.0,19.24,2023-09-08,380.35,107,0.9,14,1
ASTRAL.NS,2024-04-02,2024-02-23,2041.93,2066.01,3.71,2024-03-05,2133.59,2024-03-21,1892.94,0.37,2133.59,11.28,2023-08-04,2046.47,136,0.69,15,4
HAVELLS.NS,2024-03-28,2024-02-27,1488.52,1443.47,3.15,2024-03-04,1560.24,2024-03-20,1409.97,0.37,1560.24,9.63,2023-09-11,1436.89,113,0.77,11,4
VIDHIING.NS,2024-03-21,2024-03-07,452.19,463.84,8.94,2024-03-11,486.35,2024-03-14,416.07,0.43,486.35,14.45,2023-09-01,453.53,126,3.14,26,11
KAYNES.NS,2024-03-21,2024-03-04,2712.2,3104.25,1.73,2024-03-05,3248.85,2024-03-20,2556.5,0.4,3248.85,21.31,2023-10-09,2965.6,99,1.05,22,1
RICOAUTO.NS,2024-03-20,2024-03-01,133.73,122.65,9.25,2024-03-11,144.72,2024-03-19,126.21,0.29,144.72,12.79,2023-07-07,109.35,161,1.2,26,8
SUDARSCHEM.NS,2024-03-19,2024-02-15,580.77,561.66,2.61,2024-02-20,604.66,2024-03-12,542.52,0.42,606.64,10.57,2023-08-09,561.07,127,0.82,18,10
VENUSPIPES.NS,2024-03-19,2024-02-16,1700.88,1681.6,2.76,2024-02-21,1772.63,2024-03-14,1478.11,0.5,1927.24,23.3,2023-09-11,1575.82,106,0.76,36,12
TATACOMM.NS,2024-03-18,2024-03-04,1899.1,1920.29,2.32,2024-03-07,1972.4,2024-03-14,1757.15,0.79,1972.4,10.91,2023-09-11,1893.97,117,0.71,35,14
VADILALIND.NS,2024-03-18,2024-02-08,3632.55,3586.79,6.4,2024-02-16,3913.57,2024-03-06,3326.58,0.51,3913.57,15.0,2023-07-10,3278.98,144,1.64,23,2
EMUDHRA.NS,2024-03-12,2024-02-20,606.88,554.83,4.01,2024-02-26,603.35,2024-02-29,554.39,0.51,603.35,8.12,2023-08-18,531.67,124,1.4,13,8
ELGIEQUIP.NS,2024-03-01,2024-02-07,672.73,641.7,3.72,2024-02-08,695.81,2024-02-29,608.44,0.59,695.81,12.56,2023-07-12,613.55,141,2.74,29,11
SMSPHARMA.NS,2024-02-27,2024-02-09,152.72,145.94,13.87,2024-02-12,159.61,2024-02-23,140.9,0.21,159.61,11.72,2023-08-24,139.31,113,0.7,26,14
HPAL.NS,2024-02-26,2024-01-19,113.67,114.06,8.76,2024-01-30,127.71,2024-02-13,105.76,0.3,129.54,18.36,2023-09-04,108.08,93,1.1,22,7
GANESHHOU.NS,2024-02-23,2024-01-17,746.95,504.43,13.39,2024-01-29,780.17,2024-02-13,618.33,0.38,780.17,20.74,2023-07-18,480.23,124,1.26,22,1
POWERMECH.NS,2024-02-23,2024-01-30,2575.83,2651.12,2.67,2024-02-07,2773.01,2024-02-22,2482.14,0.96,2773.01,10.49,2023-07-31,2531.71,122,0.64,20,7
TAJGVK.NS,2024-02-20,2024-02-02,371.05,283.63,7.54,2024-02-13,359.31,2024-02-19,326.18,0.5,371.99,12.32,2023-08-01,282.3,124,1.22,13,2
KAMOPAINTS.NS,2024-02-20,2024-01-19,39.98,43.54,1.93,2024-01-24,49.0,2024-02-15,38.56,0.55,49.0,21.31,2023-08-03,40.6,114,0.74,20,5
INDOSTAR.NS,2024-02-20,2024-01-11,184.9,193.45,2.62,2024-01-23,229.0,2024-02-13,172.0,0.36,229.0,24.89,2023-08-21,191.3,97,1.05,17,2
ROHLTD.NS,2024-02-20,2024-02-02,418.29,382.36,5.91,2024-02-07,438.8,2024-02-13,360.96,0.48,438.8,17.74,2023-05-25,377.98,171,1.88,22,5
KOTARISUG.NS,2024-02-20,2024-02-05,65.45,65.14,6.25,2024-02-07,71.14,2024-02-13,56.26,0.55,71.14,20.92,2023-08-18,63.3,113,0.77,11,3
ALPHAGEO.NS,2024-02-20,2024-01-30,364.59,326.9,9.86,2024-02-06,385.84,2024-02-13,318.71,0.34,385.84,17.4,2023-09-06,300.93,96,0.87,27,4
JAYBARMARU.NS,2024-02-19,2024-01-23,131.95,136.58,2.99,2024-02-02,141.85,2024-02-13,113.97,0.93,141.85,19.65,2023-07-04,134.68,137,1.45,23,10
UMIYA-MRO.NS,2024-02-16,2024-02-05,85.85,69.05,2.85,2024-02-07,94.7,2024-02-12,71.7,0.53,94.7,24.29,2023-07-20,68.9,133,1.17,46,16
SHILPAMED.NS,2024-02-16,2024-02-07,189.37,194.36,2.71,2024-02-09,204.75,2024-02-13,178.56,0.39,204.75,12.79,2023-08-31,192.02,106,0.62,24,5
RAIN.NS,2024-02-16,2024-01-29,198.54,183.63,3.94,2024-02-07,197.36,2024-02-13,162.8,0.43,197.36,17.51,2023-09-11,182.05,92,5.14,18,0
TEXMOPIPES.NS,2024-02-15,2024-01-30,101.45,91.65,2.96,2024-02-08,104.7,2024-02-13,82.35,0.52,104.7,21.35,2023-08-17,89.35,110,2.11,31,10
NSLNISP.NS,2024-02-15,2024-01-29,65.7,67.2,6.09,2024-02-05,73.7,2024-02-13,57.3,0.8,73.7,22.25,2023-09-01,59.75,98,2.95,21,4
DELHIVERY.NS,2024-02-15,2024-02-01,461.95,468.85,2.15,2024-02-05,488.0,2024-02-12,412.2,0.44,488.0,15.53,2023-09-05,452.4,99,0.85,28,9
SERVOTECH.NS,2024-02-15,2024-02-02,98.93,99.78,3.09,2024-02-06,108.63,2024-02-14,90.49,0.42,108.63,16.7,2023-06-21,99.67,152,0.61,19,12
VAIBHAVGBL.NS,2024-02-14,2024-01-18,458.61,461.08,4.49,2024-01-30,512.96,2024-02-13,402.78,0.5,512.96,21.48,2023-08-29,442.93,96,0.66,24,9
MSUMI.NS,2024-02-14,2024-02-01,44.65,44.75,5.17,2024-02-06,47.85,2024-02-13,41.33,0.76,47.85,13.64,2023-09-04,43.5,100,0.74,11,3
VLSFINANCE.NS,2024-02-14,2024-01-29,294.64,253.88,8.71,2024-01-30,292.81,2024-02-13,244.75,0.63,293.9,16.72,2023-08-21,227.62,107,5.29,26,9
RITES.NS,2024-02-14,2024-01-25,352.9,321.73,8.0,2024-02-05,370.1,2024-02-13,318.14,0.65,385.75,17.53,2023-09-11,271.65,91,0.68,29,3
KIRLOSIND.NS,2024-02-14,2024-01-10,4037.83,3758.57,2.17,2024-01-19,3978.11,2024-02-13,3898.55,0.4,4217.74,7.57,2023-08-07,3737.23,105,0.99,29,11
REDINGTON.NS,2024-02-13,2024-02-05,185.17,189.64,4.91,2024-02-06,197.54,2024-02-12,167.54,0.74,197.54,15.19,2023-07-11,176.94,140,4.31,17,8
AYMSYNTEX.NS,2024-02-12,2024-01-10,81.55,85.55,5.78,2024-01-17,92.35,2024-02-09,75.45,0.45,92.35,18.3,2023-06-27,82.55,133,1.75,22,9
KOTHARIPRO.NS,2024-02-07,2024-01-04,81.93,80.0,6.51,2024-01-05,93.35,2024-01-24,74.0,0.19,93.35,20.73,2023-08-17,71.15,94,1.08,36,7
ASAL.NS,2024-02-07,2024-01-24,554.9,486.6,3.17,2024-01-25,518.45,2024-02-05,440.55,0.47,518.45,15.03,2023-09-06,481.8,93,4.95,26,7
FDC.NS,2024-02-07,2024-01-18,454.37,428.18,4.5,2024-01-19,445.62,2024-01-30,399.69,0.28,445.62,10.31,2023-08-10,419.19,108,4.26,29,13
SHANTI.NS,2024-02-06,2024-01-25,25.2,23.4,7.26,2024-01-29,28.05,2024-02-02,21.55,0.48,28.05,23.17,2023-05-22,22.5,169,1.05,42,10
ASPINWALL.NS,2024-02-02,2024-01-10,310.33,288.25,12.49,2024-01-11,335.87,2024-01-24,267.85,0.26,335.87,20.25,2023-06-14,268.97,142,2.42,37,12
COASTCORP.NS,2024-02-01,2024-01-04,63.06,63.34,7.34,2024-01-12,70.1,2024-01-23,57.94,0.58,70.1,17.34,2023-08-22,60.73,91,1.05,25,6
VSTIND.NS,2024-01-31,2024-01-02,300.58,329.76,6.63,2024-01-03,351.25,2024-01-23,282.24,0.73,351.25,19.65,2023-08-02,301.13,102,0.64,10,3
OLECTRA.NS,2024-01-31,2024-01-08,1741.22,1508.78,3.97,2024-01-11,1807.14,2024-01-18,1549.26,0.21,1807.14,14.27,2023-07-13,1463.82,120,0.67,33,8
ABBOTINDIA.NS,2024-01-31,2024-01-11,24611.37,24072.44,1.91,2024-01-15,25062.33,2024-01-23,23944.58,0.62,25062.33,4.46,2023-08-10,23506.82,103,0.89,14,2
EIHAHOTELS.NS,2024-01-31,2024-01-18,320.62,282.76,6.11,2024-01-29,336.42,2024-01-30,302.63,0.68,336.42,10.04,2023-07-14,263.58,127,1.64,20,4
DEVIT.NS,2024-01-30,2023-12-19,60.2,66.8,3.25,2023-12-27,69.5,2024-01-17,57.29,0.23,69.5,17.57,2023-06-22,65.1,121,3.53,21,5
VRLLOG.NS,2024-01-30,2023-12-15,355.98,375.18,3.04,2023-12-18,383.04,2024-01-08,337.11,0.44,383.04,11.99,2023-07-14,367.81,104,2.85,22,7
OSWALAGRO.NS,2024-01-25,2024-01-04,42.95,38.75,3.85,2024-01-05,40.75,2024-01-24,34.95,0.46,40.75,14.23,2023-05-17,37.3,158,5.1,32,7
VISAKAIND.NS,2024-01-23,2024-01-10,113.51,103.86,6.73,2024-01-15,106.88,2024-01-18,96.01,0.35,106.88,10.17,2023-06-22,97.38,136,4.32,34,11
BALKRISHNA.NS,2024-01-19,2024-01-10,29.04,29.94,10.14,2024-01-15,32.77,2024-01-18,27.31,0.25,32.77,16.67,2023-04-20,27.0,180,0.6,26,12
MANAKALUCO.NS,2024-01-19,2024-01-11,31.45,32.05,10.77,2024-01-12,33.25,2024-01-18,27.17,0.6,33.25,18.26,2023-07-17,29.8,121,1.51,21,6
SHRIPISTON.NS,2024-01-16,2024-01-02,1588.02,1584.86,1.83,2024-01-03,1643.9,2024-01-15,1485.93,0.44,1643.9,9.61,2023-08-03,1546.06,101,0.66,15,5
SECURKLOUD.NS,2024-01-16,2024-01-01,54.2,51.95,2.59,2024-01-03,58.0,2024-01-11,50.6,0.44,58.0,12.76,2023-07-17,50.0,113,1.23,15,2
HERITGFOOD.NS,2024-01-16,2023-12-26,318.39,298.19,7.09,2023-12-27,309.5,2024-01-08,282.86,0.9,309.5,8.61,2023-07-24,279.58,104,1.96,24,3
NFL.NS,2024-01-16,2023-12-28,105.68,89.86,2.96,2024-01-02,105.92,2024-01-08,95.56,0.34,105.92,9.78,2023-04-12,84.74,176,2.37,22,3
KAMATHOTEL.NS,2024-01-15,2023-12-12,315.0,262.35,2.87,2023-12-15,299.0,2023-12-27,257.3,0.28,299.0,13.95,2023-07-12,255.0,103,4.0,18,10
TERASOFT.NS,2024-01-15,2023-12-14,75.12,61.76,7.77,2023-12-15,72.23,2023-12-28,60.26,0.18,72.23,16.57,2023-06-16,59.31,122,6.47,27,12
XCHANGING.NS,2024-01-12,2023-12-15,101.29,96.93,6.65,2023-12-22,102.37,2024-01-02,92.0,0.27,102.37,10.14,2023-07-26,94.74,96,2.94,29,11
GUJAPOLLO.NS,2024-01-11,2023-12-28,277.7,265.57,7.75,2024-01-01,283.7,2024-01-08,243.82,0.32,283.7,14.06,2023-07-24,265.01,106,2.37,34,7
FLUOROCHEM.NS,2024-01-11,2023-12-22,3523.18,3563.67,2.3,2024-01-03,3914.09,2024-01-10,3302.11,0.92,3914.09,15.64,2023-05-31,3443.52,140,0.76,12,1
MANALIPETC.NS,2024-01-11,2023-12-19,84.86,77.28,11.01,2023-12-22,83.33,2024-01-02,74.52,0.49,83.33,10.57,2023-05-09,74.2,153,3.08,22,8
ADANIENT.NS,2024-01-10,2023-12-05,3094.07,2955.41,6.94,2023-12-06,3150.35,2023-12-21,2721.37,0.47,3150.35,13.62,2023-05-23,2754.44,133,1.0,15,1
NDTV.NS,2024-01-10,2023-12-05,288.5,266.65,8.75,2023-12-06,307.85,2023-12-21,252.0,0.25,307.85,18.14,2023-05-31,252.0,127,2.58,24,8
UTIAMC.NS,2024-01-09,2023-12-18,793.0,780.93,5.13,2023-12-20,817.17,2023-12-21,738.29,0.9,817.17,9.65,2023-07-26,765.62,97,0.91,24,5
ORCHPHARMA.NS,2024-01-08,2023-12-08,762.95,650.9,10.99,2023-12-19,749.5,2023-12-20,675.2,0.81,749.5,9.91,2023-07-20,634.8,95,1.57,41,7
CHEVIOT.NS,2024-01-08,2023-12-11,1457.55,1478.43,13.54,2023-12-12,1580.03,2023-12-21,1302.77,0.17,1580.03,17.55,2023-06-22,1256.28,115,1.32,27,10
TEMBO.NS,2024-01-08,2023-12-13,27.65,27.81,5.39,2023-12-18,29.05,2023-12-27,25.74,0.67,30.2,14.75,2023-06-22,25.11,117,0.88,16,0
ENDURANCE.NS,2024-01-05,2023-12-18,2092.61,1754.22,3.7,2023-12-28,1858.83,2024-01-03,1843.6,0.56,1926.06,4.28,2023-07-25,1724.1,98,7.49,35,13
POCL.NS,2024-01-05,2023-12-27,103.48,103.53,11.01,2023-12-28,109.44,2024-01-01,97.73,0.37,109.44,10.7,2023-08-07,102.62,95,1.95,22,2
MAXHEALTH.NS,2024-01-04,2023-11-30,734.32,632.85,3.72,2023-12-04,705.71,2023-12-21,627.97,0.91,724.62,13.34,2023-06-19,626.03,111,1.45,13,6
SUMIT.NS,2024-01-04,2023-11-28,55.15,40.95,4.61,2023-12-07,57.4,2023-12-21,48.2,0.15,59.8,19.4,2023-05-02,40.25,143,2.58,13,1
SALASAR.NS,2024-01-04,2023-12-18,14.69,11.5,7.76,2023-12-26,13.92,2023-12-27,12.85,0.49,13.92,7.69,2023-07-20,11.38,101,1.33,17,4
BAJAJHLDNG.NS,2024-01-03,2023-12-04,7881.18,7634.68,5.13,2023-12-07,8144.21,2023-12-29,7411.04,0.97,8144.21,9.0,2023-07-14,7270.69,95,1.8,18,6
SHRADHA.NS,2024-01-03,2023-11-29,27.65,24.59,7.61,2023-12-06,32.34,2023-12-21,24.47,0.09,32.34,24.33,2023-06-12,24.4,115,0.77,29,10
HCL-INSYS.NS,2024-01-03,2023-12-22,21.9,21.85,2.41,2023-12-26,22.75,2023-12-29,20.15,0.73,22.75,11.43,2023-08-07,20.8,93,1.38,22,0
LGBBROSLTD.NS,2024-01-03,2023-12-11,1229.48,1235.21,2.53,2023-12-20,1326.39,2024-01-02,1194.33,0.4,1326.39,9.96,2023-07-17,1183.35,99,0.85,21,4
HEADSUP.NS,2024-01-03,2023-12-15,15.75,15.2,2.3,2023-12-27,17.0,2024-01-02,14.75,0.42,17.0,13.24,2023-05-19,14.75,143,1.69,46,20
NDL.NS,2024-01-02,2023-11-23,2.94,2.92,9.52,2023-11-28,3.28,2023-12-13,2.76,0.09,3.28,15.73,2023-04-11,2.62,154,3.05,26,12
SUBROS.NS,2024-01-02,2023-12-13,624.7,522.97,3.38,2023-12-20,574.51,2023-12-21,524.71,0.67,574.51,8.67,2023-06-21,516.91,118,2.96,23,5
AKASH.NS,2024-01-01,2023-12-11,42.2,38.3,8.28,2023-12-12,42.05,2023-12-20,32.5,0.42,42.05,22.71,2023-06-09,35.45,124,3.43,16,8
PCJEWELLER.NS,2024-01-01,2023-12-19,5.03,4.16,5.68,2023-12-22,5.24,2023-12-29,4.47,0.32,5.24,14.61,2023-07-13,3.95,107,0.7,19,5
GODREJAGRO.NS,2023-12-29,2023-12-08,533.29,497.51,1.96,2023-12-15,542.28,2023-12-21,505.35,0.53,546.15,7.47,2023-07-18,497.24,97,2.01,32,9
ANMOL.NS,2023-12-28,2023-12-11,65.15,63.9,6.76,2023-12-14,68.0,2023-12-21,60.0,0.29,68.0,11.76,2023-07-19,63.4,97,0.79,34,8
THEINVEST.NS,2023-12-27,2023-11-24,113.85,119.2,3.14,2023-11-28,125.15,2023-12-14,104.1,0.2,125.15,16.82,2023-05-11,108.95,135,1.17,22,9
ARE&M.NS,2023-12-27,2023-11-28,792.14,683.53,3.12,2023-12-01,780.09,2023-12-21,710.86,0.54,780.23,8.89,2023-07-06,679.64,97,2.15,31,3
JKLAKSHMI.NS,2023-12-26,2023-12-05,862.25,853.88,3.28,2023-12-14,891.51,2023-12-21,799.55,0.3,891.51,10.32,2023-04-05,822.78,164,0.74,30,14
SPLIL.NS,2023-12-26,2023-11-28,71.3,74.8,9.55,2023-11-29,77.4,2023-12-20,65.7,0.57,77.4,15.12,2023-06-20,74.7,108,1.35,28,12
AARTIIND.NS,2023-12-26,2023-12-06,630.5,573.34,1.54,2023-12-15,593.55,2023-12-21,555.81,0.89,613.47,9.4,2023-04-28,567.45,150,1.94,16,5
NDGL.NS,2023-12-26,2023-11-16,2454.53,2222.95,5.03,2023-11-22,2830.6,2023-12-12,2256.81,0.19,2830.6,20.27,2023-05-12,2195.49,128,2.4,25,9
INSECTICID.NS,2023-12-22,2023-11-21,687.99,552.84,3.92,2023-11-28,674.27,2023-12-13,617.88,0.24,674.27,8.36,2023-02-24,537.16,180,0.93,13,5
MADRASFERT.NS,2023-12-22,2023-12-04,106.2,93.15,11.0,2023-12-13,114.0,2023-12-21,94.6,0.45,114.0,17.02,2023-07-19,91.9,92,0.99,45,16
BEPL.NS,2023-12-22,2023-12-13,93.23,93.5,6.49,2023-12-15,99.44,2023-12-21,86.11,0.94,99.44,13.4,2023-07-13,89.95,103,0.66,26,11
TRACXN.NS,2023-12-22,2023-12-13,116.05,105.4,2.92,2023-12-19,118.6,2023-12-21,102.0,0.6,118.6,14.0,2023-07-12,96.5,104,0.85,13,4
GOLDIAM.NS,2023-12-22,2023-11-20,131.48,120.73,10.19,2023-11-29,142.0,2023-12-20,116.27,0.49,142.0,18.12,2023-05-15,114.94,129,0.94,23,9
ZUARI.NS,2023-12-22,2023-12-04,188.55,181.15,7.31,2023-12-13,192.9,2023-12-21,167.0,0.45,192.9,13.43,2023-07-12,179.25,97,2.29,29,3
MANOMAY.NS,2023-12-18,2023-12-08,159.55,151.75,5.5,2023-12-11,175.0,2023-12-15,140.1,0.38,175.0,19.94,2023-05-17,149.0,140,1.33,44,16
INDOCO.NS,2023-12-18,2023-11-28,406.16,363.61,6.11,2023-12-06,402.77,2023-12-07,382.77,0.93,402.77,4.97,2023-05-23,359.18,128,1.08,30,10
ROTO.NS,2023-12-18,2023-11-13,66.71,67.49,1.99,2023-11-20,72.44,2023-12-12,63.72,0.41,72.44,12.04,2023-06-16,67.4,101,3.48,48,20
QUESS.NS,2023-12-18,2023-11-10,469.23,425.02,6.6,2023-11-16,470.92,2023-12-08,440.01,0.31,482.17,8.74,2023-06-30,417.88,91,2.05,30,13
ZUARIIND.NS,2023-12-13,2023-11-28,191.88,160.62,4.88,2023-12-06,177.91,2023-12-11,160.12,0.71,177.91,10.0,2023-07-07,159.93,96,7.6,22,6
GREENPLY.NS,2023-12-12,2023-11-13,205.69,195.24,1.82,2023-11-21,210.92,2023-12-06,194.79,0.37,210.92,7.65,2023-06-27,184.51,94,2.96,23,8
URJA.NS,2023-12-12,2023-11-17,14.0,12.8,7.04,2023-11-20,13.25,2023-12-07,11.6,0.81,13.25,12.45,2023-06-12,12.7,108,3.42,20,4
TATAELXSI.NS,2023-12-12,2023-11-07,8563.77,7860.78,3.99,2023-11-17,8250.3,2023-11-28,7891.85,0.81,8250.3,4.34,2023-06-08,7585.67,103,5.62,10,3
AAATECH.NS,2023-12-11,2023-11-16,81.1,70.65,6.18,2023-11-20,79.05,2023-12-05,70.16,0.28,79.05,11.25,2023-05-16,69.68,126,6.16,50,15
SEAMECLTD.NS,2023-12-11,2023-11-13,941.05,866.7,1.76,2023-11-23,937.45,2023-11-29,897.05,0.35,942.0,4.77,2023-03-15,848.68,163,0.95,29,8
PNC.NS,2023-12-07,2023-11-16,47.0,49.65,10.86,2023-11-17,51.6,2023-12-05,42.5,0.29,51.6,17.64,2023-04-12,43.45,148,1.02,30,10
CUB.NS,2023-12-01,2023-11-16,108.53,107.36,1.65,2023-11-20,111.59,2023-11-28,105.76,0.6,111.59,5.23,2023-04-27,105.69,138,0.85,15,8
ATLANTAA.NS,2023-11-30,2023-11-13,25.0,19.6,3.15,2023-11-20,23.7,2023-11-23,19.8,0.35,23.7,16.46,2023-06-20,17.95,99,2.99,26,5
BVCL.NS,2023-11-24,2023-11-10,47.7,44.2,3.13,2023-11-16,51.5,2023-11-23,43.5,0.36,51.5,15.53,2023-04-28,44.0,134,0.9,27,5
REGENCERAM.NS,2023-11-22,2023-10-04,39.0,33.4,4.08,2023-10-13,44.2,2023-11-06,38.8,0.75,47.8,18.83,2023-04-20,31.9,114,1.29,44,14
VERANDA.NS,2023-11-21,2023-11-08,280.75,222.1,5.05,2023-11-17,281.0,2023-11-20,265.0,0.71,281.0,5.69,2023-05-17,218.0,120,1.25,31,8
SOUTHWEST.NS,2023-11-20,2023-10-23,185.62,168.32,3.83,2023-11-01,179.71,2023-11-03,168.32,0.82,182.29,7.67,2023-06-12,166.24,91,1.42,24,11
GREENLAM.NS,2023-11-20,2023-11-01,298.4,265.67,10.38,2023-11-06,296.36,2023-11-09,263.46,0.21,296.36,11.1,2023-06-12,250.63,97,0.75,46,11
AMDIND.NS,2023-11-17,2023-11-02,77.05,78.05,3.24,2023-11-06,83.55,2023-11-16,71.1,0.88,83.55,14.9,2023-06-07,74.9,101,1.21,25,0
LAGNAM.NS,2023-11-16,2023-11-07,80.92,81.72,9.22,2023-11-08,89.39,2023-11-13,75.84,0.29,89.39,15.16,2023-02-13,73.15,180,3.57,30,7
GOKUL.NS,2023-11-16,2023-10-10,43.35,42.15,4.81,2023-10-11,45.0,2023-10-31,36.6,0.22,45.0,18.67,2023-01-20,41.5,176,3.97,14,9
GLOBAL.NS,2023-11-16,2023-11-08,99.35,99.54,6.95,2023-11-09,105.68,2023-11-15,89.2,0.76,105.68,15.6,2023-02-16,92.23,178,1.61,16,4
LINC.NS,2023-11-10,2023-10-16,171.64,207.4,4.13,2023-10-18,216.87,2023-11-09,168.72,0.77,220.55,23.5,2023-06-02,196.36,92,0.86,26,10
DHUNINV.NS,2023-11-08,2023-10-16,926.69,816.75,7.11,2023-10-23,1019.75,2023-10-26,820.94,0.58,1019.75,19.5,2023-01-23,791.27,179,0.82,24,4
ORIENTHOT.NS,2023-11-07,2023-10-09,101.48,99.51,10.55,2023-10-12,110.68,2023-10-30,90.26,0.83,110.68,18.45,2023-05-11,96.34,103,0.81,23,10
GILLANDERS.NS,2023-11-06,2023-09-27,96.05,99.8,11.99,2023-10-05,108.05,2023-10-26,82.5,0.07,108.05,23.65,2023-01-20,87.7,168,3.25,25,7
CCAVENUE.NS,2023-11-06,2023-10-05,20.57,19.67,2.89,2023-10-11,22.97,2023-10-26,17.72,0.36,22.97,22.83,2023-01-20,18.83,173,1.36,15,6
ORICONENT.NS,2023-11-06,2023-10-09,32.98,28.28,8.24,2023-10-13,33.56,2023-10-26,26.42,0.47,33.86,21.97,2023-01-13,28.11,180,1.0,17,3
OMAXE.NS,2023-11-02,2023-09-29,82.5,75.7,2.63,2023-10-11,83.2,2023-10-26,73.0,0.26,94.9,23.08,2023-01-12,75.65,176,1.07,16,13
ZEEMEDIA.NS,2023-11-01,2023-10-12,13.8,14.3,2.16,2023-10-13,15.6,2023-10-26,12.6,0.4,15.6,19.23,2023-01-19,14.15,179,0.79,21,6
ADVANIHOTR.NS,2023-11-01,2023-10-05,50.54,44.52,4.84,2023-10-16,50.84,2023-10-26,42.64,0.57,50.84,16.13,2023-05-23,44.15,93,6.35,29,8
SEPC.NS,2023-11-01,2023-10-10,19.8,16.48,3.19,2023-10-19,19.9,2023-10-23,17.08,0.81,20.49,16.67,2023-03-10,15.68,143,0.91,22,10
BIGBLOC.NS,2023-10-30,2023-10-05,81.33,90.89,3.02,2023-10-06,94.55,2023-10-26,72.26,0.4,94.55,23.57,2023-05-18,88.76,96,0.64,47,13
IRB.NS,2023-10-30,2023-10-19,16.75,17.31,2.3,2023-10-20,18.12,2023-10-27,15.91,0.5,18.12,12.16,2023-02-22,17.04,161,1.25,17,9
GNFC.NS,2023-10-27,2023-10-16,628.02,631.47,6.22,2023-10-23,646.57,2023-10-26,593.85,0.66,646.57,8.15,2023-05-18,600.2,103,0.81,16,8
NIACL.NS,2023-10-16,2023-09-15,138.78,139.66,6.91,2023-09-20,147.07,2023-10-05,129.81,0.35,147.07,11.74,2023-01-04,134.58,173,0.63,32,13
BPL.NS,2023-10-13,2023-09-15,85.5,88.05,10.68,2023-09-18,90.8,2023-10-09,74.35,0.38,90.8,18.12,2023-01-13,77.7,166,0.97,23,11
KNAGRI.NS,2023-10-13,2023-08-30,155.1,155.3,1.84,2023-09-01,158.8,2023-09-25,133.3,0.31,158.8,16.06,2022-12-15,153.6,175,4.52,27,2
MTNL.NS,2023-10-12,2023-09-22,30.1,29.45,1.91,2023-09-28,33.85,2023-10-11,27.05,0.57,33.85,20.09,2023-01-18,28.2,167,2.11,19,2
SURYALAXMI.NS,2023-10-11,2023-08-31,69.5,67.15,2.34,2023-09-11,70.8,2023-09-27,64.9,0.88,73.75,12.0,2023-01-16,66.85,154,0.94,25,1
ANDHRAPAP.NS,2023-10-11,2023-09-04,122.72,89.83,2.14,2023-09-13,117.6,2023-09-27,107.76,0.62,119.66,9.95,2023-04-25,89.16,91,4.62,17,2
GAEL.NS,2023-10-10,2023-09-22,182.45,156.7,7.53,2023-09-28,180.83,2023-10-03,161.7,0.29,180.83,10.58,2023-05-02,148.51,100,0.92,20,10
JINDALPHOT.NS,2023-10-10,2023-09-20,588.05,450.75,8.3,2023-09-25,598.0,2023-10-09,492.0,0.1,598.0,17.73,2022-12-28,384.85,180,2.5,24,7
AMJLAND.NS,2023-10-10,2023-09-04,32.42,33.96,8.21,2023-09-11,36.09,2023-09-21,29.54,0.23,36.09,18.16,2022-12-19,31.86,176,1.52,34,19
CUBEXTUB.NS,2023-10-10,2023-09-14,47.1,48.35,3.41,2023-09-15,50.0,2023-10-09,44.0,0.46,50.0,12.0,2023-04-19,48.0,103,1.2,28,7
POKARNA.NS,2023-10-10,2023-08-21,505.4,479.48,2.4,2023-08-30,512.44,2023-09-21,470.26,0.33,593.85,20.81,2023-01-06,462.34,152,1.34,32,5
PDSL.NS,2023-10-06,2023-09-08,471.8,376.84,7.95,2023-09-13,472.87,2023-09-20,413.89,0.27,472.87,12.47,2023-04-27,370.91,93,0.7,18,0
PIONEEREMB.NS,2023-10-06,2023-08-14,58.8,46.05,2.98,2023-08-23,59.0,2023-09-13,49.0,0.35,59.0,16.95,2022-11-23,46.0,180,12.16,25,4
JMFINANCIL.NS,2023-10-06,2023-09-01,82.51,80.32,3.23,2023-09-06,89.46,2023-09-13,77.47,0.41,89.46,13.4,2022-12-14,77.75,178,2.44,21,7
AHLEAST.NS,2023-10-06,2023-08-29,137.46,131.07,4.81,2023-09-04,161.79,2023-09-26,130.05,0.09,161.79,19.62,2023-04-06,127.14,98,0.63,28,7
SCHAND.NS,2023-10-05,2023-08-25,266.43,224.16,4.75,2023-09-01,279.85,2023-09-12,217.98,0.9,279.85,22.11,2023-03-21,219.95,106,1.1,30,6
MKPL.NS,2023-10-05,2023-09-15,28.94,28.02,2.79,2023-09-27,29.0,2023-10-04,27.17,0.4,29.0,6.31,2023-04-28,27.57,97,3.36,28,8
WORTHPERI.NS,2023-10-05,2023-09-01,107.98,115.47,4.64,2023-09-06,122.96,2023-09-26,99.5,0.74,122.96,19.08,2022-12-13,111.95,179,2.65,27,14
NEOGEN.NS,2023-10-05,2023-08-30,1809.63,1728.92,8.81,2023-09-08,1796.95,2023-09-13,1652.25,0.7,1796.95,8.05,2023-04-12,1723.7,96,2.25,31,9
TEAMLEASE.NS,2023-10-03,2023-09-05,2642.55,2649.55,3.08,2023-09-12,2739.95,2023-09-13,2478.75,0.42,2739.95,9.53,2023-03-02,2599.95,125,1.6,34,8
BANKINDIA.NS,2023-10-03,2023-09-11,103.06,90.27,3.3,2023-09-20,103.97,2023-09-28,94.2,0.87,103.97,9.4,2023-01-16,90.09,161,0.83,12,3
SPARC.NS,2023-09-29,2023-08-30,233.1,249.75,13.72,2023-09-06,264.6,2023-09-25,222.0,0.14,264.6,16.1,2022-12-08,249.1,180,1.39,42,17
MANAKCOAT.NS,2023-09-29,2023-09-05,24.37,23.47,5.17,2023-09-08,27.67,2023-09-18,21.33,0.21,27.67,22.92,2023-01-23,21.44,152,0.72,36,11
COMPUSOFT.NS,2023-09-28,2023-09-08,22.12,22.73,3.24,2023-09-11,23.74,2023-09-22,20.85,0.39,23.74,12.17,2023-01-11,22.3,163,1.05,24,11
ATULAUTO.NS,2023-09-27,2023-08-23,621.4,439.15,10.22,2023-08-31,628.4,2023-09-12,532.0,0.33,650.0,18.15,2023-04-10,422.0,93,1.47,39,12
GEOJITFSL.NS,2023-09-27,2023-08-21,51.13,48.94,4.65,2023-08-30,54.84,2023-09-21,47.75,0.66,56.51,15.49,2023-01-10,47.64,150,0.68,13,7
CHEMPLASTS.NS,2023-09-27,2023-08-24,492.15,510.3,5.14,2023-09-04,543.25,2023-09-26,474.3,0.37,543.25,12.69,2022-12-13,500.0,173,1.58,33,2
IOB.NS,2023-09-26,2023-09-11,45.4,34.85,1.73,2023-09-20,48.6,2023-09-25,42.65,0.87,48.6,12.24,2022-12-27,34.2,175,1.47,18,6
KRBL.NS,2023-09-26,2023-09-06,408.81,425.89,6.42,2023-09-08,460.72,2023-09-25,388.9,0.37,460.72,15.59,2022-12-15,425.79,180,2.7,21,10
BIRLAMONEY.NS,2023-09-25,2023-08-23,76.75,68.1,3.87,2023-09-01,71.0,2023-09-12,66.8,0.99,76.3,12.45,2022-12-15,67.4,170,2.66,26,14
SHK.NS,2023-09-25,2023-08-14,158.45,144.88,2.27,2023-08-24,160.87,2023-09-13,143.75,0.7,170.64,15.76,2022-12-13,144.78,166,0.79,35,5
SHRIRAMPPS.NS,2023-09-25,2023-08-29,91.2,90.6,2.25,2023-09-04,98.4,2023-09-13,80.5,0.78,98.4,18.19,2022-12-07,86.2,180,0.89,14,4
NELCAST.NS,2023-09-22,2023-08-25,144.91,137.1,4.82,2023-08-28,142.05,2023-09-13,123.65,0.46,142.05,12.95,2023-01-18,129.94,148,3.0,21,7
SHAREINDIA.NS,2023-09-22,2023-08-29,267.16,266.84,2.8,2023-09-01,277.41,2023-09-20,255.6,0.77,277.41,7.86,2022-12-12,259.33,177,0.89,27,8
MADHAV.NS,2023-09-21,2023-08-24,49.5,47.6,8.11,2023-08-28,52.4,2023-09-13,44.75,0.1,52.4,14.6,2022-12-02,47.35,180,3.09,36,7
GMBREW.NS,2023-09-20,2023-09-06,543.34,501.38,3.77,2023-09-08,555.57,2023-09-13,498.86,0.7,555.57,10.21,2022-12-21,498.9,176,3.13,26,8
IFCI.NS,2023-09-18,2023-09-04,18.65,17.4,3.21,2023-09-05,18.65,2023-09-13,15.6,0.92,18.65,16.35,2022-12-15,16.65,178,2.3,11,4
GOODLUCK.NS,2023-09-18,2023-08-16,584.22,539.31,2.19,2023-08-24,595.19,2023-09-13,545.7,0.83,617.47,11.62,2022-12-12,513.16,168,0.87,24,3
PTL.NS,2023-09-18,2023-09-04,37.09,32.56,7.19,2023-09-08,36.79,2023-09-15,31.64,0.59,36.79,13.98,2023-01-06,31.99,162,5.71,16,11
CONFIPET.NS,2023-09-15,2023-08-28,89.51,92.0,4.54,2023-08-29,97.82,2023-09-13,82.74,0.42,97.82,15.42,2022-12-21,89.26,169,0.67,12,5
IDEA.NS,2023-09-15,2023-08-28,11.7,9.0,3.37,2023-09-06,10.85,2023-09-13,10.3,0.92,11.55,10.82,2022-12-14,8.95,174,1.71,26,7
HTMEDIA.NS,2023-09-15,2023-08-31,25.7,24.6,2.21,2023-09-08,26.65,2023-09-13,22.4,0.66,26.65,15.95,2022-12-14,24.45,177,6.91,18,7
BOSCH-HCIL.NS,2023-09-15,2023-08-16,1251.55,1323.4,6.96,2023-08-17,1353.48,2023-08-25,1193.94,0.13,1353.48,11.79,2023-02-22,1273.51,117,3.28,15,4
MCX.NS,2023-09-15,2023-09-01,354.11,359.03,6.31,2023-09-04,369.2,2023-09-13,337.57,0.58,369.2,8.57,2022-12-20,334.05,174,1.34,23,12
HLVLTD.NS,2023-09-15,2023-08-31,19.75,15.9,8.01,2023-09-07,21.5,2023-09-12,17.25,0.66,21.5,19.77,2022-12-14,15.85,177,0.63,20,9
PETRONET.NS,2023-09-14,2023-09-06,218.2,219.01,6.16,2023-09-11,227.5,2023-09-13,208.46,0.58,227.5,8.37,2023-03-16,211.57,117,0.82,18,8
JAMNAAUTO.NS,2023-09-14,2023-08-28,116.22,111.13,7.48,2023-09-04,121.03,2023-09-13,108.37,0.56,121.03,10.46,2022-12-14,108.89,174,1.07,21,12
CORALFINAC.NS,2023-09-14,2023-08-22,40.09,39.25,5.5,2023-08-30,47.71,2023-09-12,37.92,0.36,47.71,20.52,2023-01-09,38.74,152,0.78,38,14
AVADHSUGAR.NS,2023-09-14,2023-09-04,653.85,591.25,5.47,2023-09-11,661.42,2023-09-13,587.14,0.94,661.42,11.23,2022-12-19,574.39,176,3.28,30,11
DECCANCE.NS,2023-09-14,2023-09-04,549.5,539.67,1.85,2023-09-11,569.9,2023-09-13,518.34,0.72,569.9,9.05,2022-12-14,536.31,179,1.04,20,3
DCW.NS,2023-09-14,2023-08-28,59.52,55.06,2.81,2023-09-05,56.95,2023-09-12,48.87,0.99,56.95,14.19,2022-12-06,54.94,180,5.4,16,4
KCPSUGIND.NS,2023-09-14,2023-09-04,35.36,34.47,4.57,2023-09-06,37.34,2023-09-13,32.05,0.89,37.34,14.15,2022-12-19,33.78,176,1.93,24,10
INDOBORAX.NS,2023-09-08,2023-07-26,158.39,150.79,9.82,2023-07-28,173.02,2023-08-21,137.82,0.21,173.47,20.55,2022-11-23,143.56,167,0.88,21,5
IPL.NS,2023-09-07,2023-08-30,291.0,275.11,10.32,2023-09-04,305.3,2023-09-06,276.1,0.93,305.3,9.56,2022-12-28,266.64,166,1.24,11,1
WOCKPHARMA.NS,2023-09-06,2023-08-02,248.1,248.85,3.95,2023-08-09,269.1,2023-08-18,225.65,0.69,269.1,16.15,2022-12-01,248.8,166,1.67,25,12
GTPL.NS,2023-09-05,2023-08-21,153.59,146.14,6.49,2023-08-22,154.44,2023-08-25,140.37,0.83,154.44,9.11,2022-11-29,139.33,180,1.89,37,14
IDBI.NS,2023-09-04,2023-08-01,62.5,60.62,5.66,2023-08-07,64.38,2023-08-29,57.06,0.45,64.38,11.37,2023-01-09,58.68,138,4.93,18,5
ITI.NS,2023-09-04,2023-08-07,127.9,119.9,9.74,2023-08-08,125.5,2023-08-14,112.25,0.55,125.5,10.56,2022-12-01,119.0,169,3.59,55,14
MAHABANK.NS,2023-09-04,2023-08-08,38.34,33.37,2.49,2023-08-18,36.41,2023-09-01,34.75,0.68,37.19,6.56,2022-12-15,31.99,160,1.89,10,7
HEMIPROP.NS,2023-09-04,2023-08-18,122.45,122.35,5.81,2023-08-21,126.75,2023-08-25,115.4,0.59,126.75,8.95,2022-12-20,119.9,164,1.22,19,9
HCL-INSYS.NS,2023-09-04,2023-08-04,18.95,20.4,8.33,2023-08-07,20.8,2023-08-21,16.95,0.17,20.8,18.51,2022-12-15,19.7,158,0.74,13,10
ADANIPOWER.NS,2023-09-04,2023-08-22,68.35,69.48,2.15,2023-08-23,71.85,2023-08-28,63.44,0.72,71.85,11.7,2022-12-01,67.98,179,0.72,21,2
MAITHANALL.NS,2023-09-01,2023-07-31,1030.8,1130.91,3.85,2023-08-01,1162.35,2023-08-18,960.11,0.54,1162.35,17.4,2023-01-24,1106.35,126,3.0,15,9
LATENTVIEW.NS,2023-09-01,2023-08-09,455.15,401.25,4.52,2023-08-21,446.0,2023-08-29,417.0,0.54,449.95,7.32,2023-01-23,391.4,134,2.49,23,11
ABCOTS.NS,2023-09-01,2023-08-16,90.25,55.15,4.21,2023-08-25,98.45,2023-08-31,84.85,0.88,98.45,13.81,2022-12-13,52.0,167,1.01,58,18
GVPIL.NS,2023-09-01,2023-08-02,173.24,176.27,12.26,2023-08-07,195.83,2023-08-21,156.5,0.24,195.83,20.08,2022-12-02,168.29,165,1.57,35,12
TATAINVEST.NS,2023-09-01,2023-07-31,241.83,249.46,1.95,2023-08-07,256.48,2023-08-28,236.94,0.44,256.48,7.62,2022-11-09,244.84,180,0.93,28,6
KICL.NS,2023-08-31,2023-08-17,2493.85,2407.1,4.1,2023-08-18,2550.0,2023-08-25,2365.3,0.51,2550.0,7.24,2023-01-02,2278.2,154,0.88,16,4
EMAMILTD.NS,2023-08-31,2023-08-08,496.2,465.93,5.49,2023-08-18,505.09,2023-08-28,480.64,0.16,517.11,7.05,2022-12-01,450.56,170,0.65,33,10
BOROLTD.NS,2023-08-30,2023-07-26,366.73,381.79,11.91,2023-08-03,404.57,2023-08-16,346.55,0.84,404.57,14.34,2022-11-16,370.5,172,1.22,16,9
DPABHUSHAN.NS,2023-08-30,2023-08-08,446.7,376.88,5.73,2023-08-18,413.56,2023-08-22,405.38,0.58,423.84,4.36,2023-02-16,360.31,116,0.61,34,16
LEMONTREE.NS,2023-08-30,2023-08-21,110.0,105.2,3.84,2023-08-24,111.25,2023-08-29,102.3,0.4,111.25,8.04,2022-12-01,103.4,178,1.54,21,3
ZODIACLOTH.NS,2023-08-30,2023-07-26,116.95,109.35,10.44,2023-07-28,128.0,2023-08-21,108.35,0.24,129.7,16.46,2022-12-21,108.2,147,1.49,32,11
BFUTILITIE.NS,2023-08-30,2023-08-10,626.8,472.0,3.28,2023-08-21,652.55,2023-08-28,582.55,0.32,661.5,11.93,2023-01-02,462.0,150,0.65,11,7
VENKEYS.NS,2023-08-30,2023-08-03,1936.35,2141.3,1.72,2023-08-07,2284.75,2023-08-21,1791.36,0.15,2284.75,21.59,2022-12-08,2107.2,162,0.64,22,7
ALEMBICLTD.NS,2023-08-30,2023-07-28,76.24,75.44,5.45,2023-08-08,78.54,2023-08-21,73.52,0.35,82.15,10.5,2022-12-05,73.84,161,1.55,22,4
INDIGOPNTS.NS,2023-08-29,2023-07-28,1544.77,1566.55,3.39,2023-08-08,1670.89,2023-08-18,1483.21,0.49,1670.89,11.23,2022-11-07,1538.52,180,0.99,33,5
IRFC.NS,2023-08-29,2023-07-31,46.9,36.19,4.61,2023-08-08,49.27,2023-08-18,43.96,0.71,49.93,11.95,2022-11-30,35.15,165,0.63,25,3
SHREEPUSHK.NS,2023-08-29,2023-08-17,215.91,206.38,6.03,2023-08-21,220.32,2023-08-28,199.95,0.67,220.32,9.24,2022-12-06,201.23,173,3.24,19,3
JSWENERGY.NS,2023-08-29,2023-08-10,362.33,332.99,3.66,2023-08-16,365.99,2023-08-25,336.55,0.69,365.99,8.04,2022-12-06,313.92,169,1.33,11,4
RAILTEL.NS,2023-08-28,2023-07-21,186.58,150.78,4.17,2023-08-01,173.41,2023-08-14,158.6,0.33,177.69,10.74,2022-11-28,142.42,161,6.1,19,5
CROWN.NS,2023-08-28,2023-07-18,50.13,54.16,8.5,2023-07-19,56.85,2023-08-09,44.36,0.08,56.85,21.96,2022-12-09,51.86,149,0.91,34,10
HPIL.NS,2023-08-25,2023-08-07,125.86,124.27,8.79,2023-08-08,132.02,2023-08-21,104.82,0.28,132.02,20.6,2022-12-01,116.63,169,1.71,27,5
BALAJITELE.NS,2023-08-25,2023-08-07,68.85,51.5,3.19,2023-08-17,66.0,2023-08-21,61.1,0.62,66.0,7.42,2022-12-15,50.9,159,1.47,20,6
SAMMAANCAP.NS,2023-08-25,2023-08-03,151.22,143.97,3.36,2023-08-10,151.97,2023-08-22,132.08,0.8,151.97,13.09,2022-12-21,138.72,153,2.31,12,10
SARVESHWAR.NS,2023-08-25,2023-07-24,4.34,3.45,9.46,2023-08-02,3.8,2023-08-10,3.68,0.55,4.61,20.19,2022-12-14,3.19,150,0.6,33,8
MANGLMCEM.NS,2023-08-24,2023-08-09,345.86,353.78,3.85,2023-08-10,363.54,2023-08-22,329.77,0.59,363.54,9.29,2022-11-28,353.05,174,1.39,26,10
NESCO.NS,2023-08-24,2023-07-28,674.92,673.94,5.07,2023-08-07,703.69,2023-08-18,650.08,0.46,703.69,7.62,2022-12-06,660.58,160,0.67,10,3
RELIGARE.NS,2023-08-24,2023-08-07,240.8,207.2,5.73,2023-08-16,242.9,2023-08-18,220.0,0.77,242.9,9.43,2022-11-28,192.45,172,1.1,20,10
RAMCOIND.NS,2023-08-24,2023-07-31,179.01,182.39,3.2,2023-08-04,188.15,2023-08-21,168.83,0.48,188.15,10.27,2022-11-09,179.23,180,0.88,23,13
MUKANDLTD.NS,2023-08-24,2023-07-28,163.58,149.98,6.72,2023-08-01,174.36,2023-08-17,145.74,0.31,174.36,16.42,2023-03-09,137.26,95,1.26,25,2
VAIBHAVGBL.NS,2023-08-23,2023-08-03,363.96,344.84,2.91,2023-08-10,374.13,2023-08-22,340.21,0.47,374.13,9.07,2022-12-02,333.77,166,1.24,20,6
VIYASH.NS,2023-08-23,2023-08-07,91.8,99.25,2.72,2023-08-10,103.9,2023-08-21,87.25,0.37,103.9,16.03,2022-12-07,99.0,165,0.69,47,14
PSPPROJECT.NS,2023-08-23,2023-07-28,817.9,775.23,4.76,2023-08-07,818.49,2023-08-18,771.74,0.49,819.49,5.83,2023-01-06,773.63,137,2.22,15,6
AIRAN.NS,2023-08-23,2023-07-14,21.05,19.35,4.38,2023-07-18,23.25,2023-08-03,19.4,0.38,23.25,16.56,2022-11-29,18.75,155,1.69,16,3
SAKAR.NS,2023-08-23,2023-08-04,380.25,324.65,5.08,2023-08-08,360.0,2023-08-16,304.6,0.46,360.0,15.39,2022-12-01,283.3,168,4.81,24,11
GOCLCORP.NS,2023-08-23,2023-07-31,412.76,407.85,4.41,2023-08-04,451.23,2023-08-14,363.3,0.99,451.23,19.49,2022-12-20,396.2,151,0.65,21,7
KKCL.NS,2023-08-23,2023-07-11,708.95,617.84,5.55,2023-07-18,664.33,2023-08-02,642.57,0.52,699.55,8.15,2022-12-16,580.65,139,1.14,11,2
PARAS.NS,2023-08-23,2023-07-11,717.15,689.12,4.89,2023-07-13,729.44,2023-08-02,650.55,0.5,729.44,10.82,2022-11-03,668.49,169,5.66,28,10
INNOVANA.NS,2023-08-23,2023-08-04,710.42,385.7,5.4,2023-08-16,607.41,2023-08-21,599.76,0.89,659.74,9.09,2023-02-27,369.85,107,1.45,48,14
NBCC.NS,2023-08-22,2023-07-31,33.13,29.95,3.96,2023-08-08,32.22,2023-08-14,30.24,0.75,33.22,8.98,2022-11-30,28.39,165,2.66,14,5
CCHHL.NS,2023-08-22,2023-08-09,9.45,9.15,4.79,2023-08-10,10.15,2023-08-18,7.75,0.39,10.15,23.65,2023-02-01,8.95,128,2.83,26,7
NITIRAJ.NS,2023-08-22,2023-07-28,103.14,100.38,2.53,2023-08-02,113.51,2023-08-14,91.94,0.43,113.51,19.0,2023-01-24,99.79,125,0.63,55,12
UCAL.NS,2023-08-22,2023-07-17,138.46,140.38,2.83,2023-07-21,161.52,2023-08-11,128.11,0.17,161.52,20.68,2022-12-01,139.94,154,1.0,26,6
DEN.NS,2023-08-22,2023-07-28,43.3,42.15,2.85,2023-08-08,44.4,2023-08-18,41.4,0.61,44.65,7.28,2022-12-15,40.4,153,0.79,12,5
RPOWER.NS,2023-08-22,2023-08-01,17.4,17.0,1.51,2023-08-07,19.5,2023-08-21,16.25,0.33,19.5,16.67,2022-12-05,16.95,163,0.95,14,3
GNA.NS,2023-08-21,2023-07-25,489.27,475.94,1.71,2023-08-01,508.37,2023-08-14,463.06,0.43,508.37,8.91,2023-02-24,463.75,100,1.54,26,9
TFCILTD.NS,2023-08-21,2023-08-07,20.08,18.58,3.98,2023-08-09,20.62,2023-08-18,18.46,0.88,20.62,10.46,2023-01-12,18.12,139,1.05,19,4
PILANIINVS.NS,2023-08-17,2023-07-24,1981.95,1981.31,2.96,2023-08-01,2047.29,2023-08-14,1913.41,0.72,2047.29,6.54,2022-12-20,1977.42,146,0.97,15,5
TRIVENI.NS,2023-08-17,2023-07-24,283.08,305.87,5.94,2023-07-25,320.96,2023-08-14,274.31,0.51,320.96,14.53,2022-12-02,300.14,158,0.72,21,12
PRAJIND.NS,2023-08-17,2023-08-07,468.78,430.31,1.53,2023-08-10,479.09,2023-08-14,443.38,0.72,479.09,7.45,2022-11-16,426.01,180,1.35,19,7
BEML.NS,2023-08-17,2023-07-21,1003.71,827.38,4.12,2023-07-31,1011.08,2023-08-07,938.03,0.67,1046.14,10.33,2022-11-02,808.15,178,1.32,37,13
NAVNETEDUL.NS,2023-08-17,2023-07-24,146.85,137.46,2.82,2023-08-02,149.39,2023-08-14,132.9,0.69,149.39,11.04,2022-11-10,136.02,174,1.42,14,6
INDOSTAR.NS,2023-08-16,2023-07-24,172.85,170.0,1.99,2023-08-01,179.9,2023-08-14,159.6,0.61,179.9,11.28,2023-01-03,168.45,136,1.26,30,8
RTNINDIA.NS,2023-08-16,2023-08-09,50.75,54.75,4.95,2023-08-10,55.7,2023-08-14,46.35,0.56,55.7,16.79,2022-12-06,50.8,168,1.28,13,5
AGARIND.NS,2023-08-16,2023-07-17,851.58,753.2,9.13,2023-07-24,842.95,2023-08-14,758.71,0.88,882.37,14.02,2022-10-31,727.37,176,0.98,15,2
FINPIPE.NS,2023-08-14,2023-07-27,202.1,192.9,4.1,2023-08-02,204.38,2023-08-10,193.33,0.33,204.38,5.4,2022-12-29,188.88,142,0.77,18,12
JAGSNPHARM.NS,2023-08-14,2023-07-28,185.18,174.96,14.41,2023-07-31,199.22,2023-08-07,162.68,0.65,199.22,18.35,2022-12-15,158.26,153,0.62,25,7
MAPMYINDIA.NS,2023-08-11,2023-07-14,1675.0,1415.54,5.12,2023-07-25,1511.23,2023-07-28,1448.61,0.47,1511.23,4.14,2022-10-27,1358.47,177,2.75,20,3
GALLANTT.NS,2023-08-11,2023-07-26,89.06,81.94,6.6,2023-08-01,93.3,2023-08-07,81.45,0.27,93.3,12.7,2023-01-23,74.58,124,0.87,29,4
GANDHITUBE.NS,2023-08-10,2023-07-26,656.04,609.49,8.84,2023-08-01,648.92,2023-08-09,581.25,0.43,648.92,10.43,2022-11-30,594.21,162,10.7,24,12
TEXINFRA.NS,2023-08-10,2023-07-20,81.21,78.17,8.1,2023-07-25,86.83,2023-08-03,75.93,0.37,86.83,12.55,2022-11-29,67.62,159,2.46,27,7
KPIL.NS,2023-08-10,2023-07-25,630.52,581.44,2.1,2023-07-27,634.92,2023-08-07,585.94,0.8,634.92,7.71,2023-03-10,572.37,91,0.68,32,13
CUPID.NS,2023-08-10,2023-07-21,2.89,2.98,11.64,2023-07-24,3.22,2023-08-03,2.71,0.69,3.22,15.86,2023-01-04,2.95,134,0.75,14,6
GATEWAY.NS,2023-08-09,2023-07-24,72.75,69.74,3.54,2023-07-31,73.2,2023-08-08,70.11,0.39,73.48,4.58,2022-11-10,68.91,174,0.75,20,8
CIPLA.NS,2023-08-08,2023-07-27,1230.98,1138.64,7.93,2023-08-04,1204.01,2023-08-07,1141.31,0.98,1204.01,5.21,2022-11-04,1133.14,180,1.85,8,1
KSL.NS,2023-08-08,2023-07-24,415.5,380.13,8.75,2023-08-01,419.65,2023-08-02,384.14,0.9,419.65,8.46,2022-12-22,369.75,144,0.96,21,3
ANGELONE.NS,2023-08-08,2023-06-26,162.35,159.21,1.59,2023-07-05,170.89,2023-07-25,150.04,0.42,171.24,12.38,2022-10-14,155.08,172,2.73,16,2
VIMTALABS.NS,2023-08-08,2023-07-27,232.82,250.67,2.38,2023-07-28,256.86,2023-08-07,218.88,0.32,256.86,14.79,2022-11-11,248.27,176,0.84,29,8
MAHEPC.NS,2023-08-07,2023-07-11,120.2,113.55,4.55,2023-07-19,120.0,2023-07-28,104.55,0.76,120.0,12.87,2023-01-03,113.0,127,8.83,27,7
ADSL.NS,2023-08-04,2023-07-12,140.18,115.58,3.09,2023-07-21,144.09,2023-08-02,126.26,0.96,149.55,15.57,2022-11-09,113.89,167,1.73,9,6
INTENTECH.NS,2023-08-04,2023-07-14,81.77,80.2,2.61,2023-07-21,85.93,2023-08-02,76.72,0.58,85.93,10.72,2023-02-07,77.41,106,1.64,29,16
MOIL.NS,2023-08-03,2023-07-05,184.92,169.99,6.84,2023-07-13,187.2,2023-07-24,172.64,0.36,187.2,7.78,2023-01-10,164.26,118,4.77,23,8
BBOX.NS,2023-08-03,2023-07-06,206.45,177.36,10.43,2023-07-13,213.48,2023-07-27,183.4,0.16,213.48,14.09,2022-10-14,174.22,179,0.73,22,9
PREMEXPLN.NS,2023-08-03,2023-07-11,206.06,117.7,7.81,2023-07-20,193.93,2023-07-24,181.62,0.64,194.33,6.54,2022-10-27,98.45,174,0.77,27,7
RITCO.NS,2023-08-03,2023-07-13,255.4,223.55,11.65,2023-07-17,292.8,2023-08-02,239.15,0.12,292.8,18.32,2022-12-06,203.6,149,1.24,34,11
RPGLIFE.NS,2023-08-03,2023-07-25,1056.29,991.69,1.58,2023-07-31,1095.41,2023-08-02,1001.74,0.93,1095.41,8.55,2022-11-16,971.23,171,0.97,29,12
J&KBANK.NS,2023-08-01,2023-07-04,66.34,62.66,4.69,2023-07-12,70.78,2023-07-31,63.05,0.34,73.65,14.4,2022-12-13,59.99,137,0.79,12,5
SOUTHBANK.NS,2023-08-01,2023-07-12,19.44,22.04,2.9,2023-07-13,22.81,2023-07-31,18.77,0.45,22.81,17.72,2022-12-15,20.98,141,0.61,11,6
SPMLINFRA.NS,2023-08-01,2023-06-14,42.5,39.25,1.6,2023-06-23,45.4,2023-07-17,41.95,0.16,45.4,7.6,2022-09-21,38.9,180,1.18,27,9
PLASTIBLEN.NS,2023-08-01,2023-07-20,216.54,201.04,3.22,2023-07-21,216.98,2023-07-26,203.24,0.5,216.98,6.33,2022-11-07,196.34,174,1.51,22,5
ELDEHSG.NS,2023-07-31,2023-06-26,791.7,719.04,6.94,2023-06-30,841.48,2023-07-21,722.24,0.12,841.48,14.17,2022-11-09,629.17,156,7.45,20,6
ABREL.NS,2023-07-31,2023-07-05,1070.91,919.13,3.19,2023-07-14,946.2,2023-07-18,911.7,0.66,969.21,5.93,2022-10-27,874.93,170,0.85,17,11
SRHHYPOLTD.NS,2023-07-31,2023-07-10,745.82,751.72,2.15,2023-07-17,794.31,2023-07-28,708.1,0.64,794.31,10.85,2022-10-17,742.43,180,0.72,29,14
ALBERTDAVD.NS,2023-07-31,2023-07-11,716.82,640.61,5.66,2023-07-20,677.94,2023-07-27,677.89,0.56,710.24,4.55,2022-11-14,621.07,163,0.84,20,8
TRF.NS,2023-07-28,2023-07-17,192.1,190.0,2.35,2023-07-18,206.85,2023-07-24,185.05,0.54,206.85,10.54,2023-01-20,188.0,118,0.79,22,6
MSTCLTD.NS,2023-07-28,2023-07-06,396.49,322.58,1.79,2023-07-17,351.96,2023-07-21,359.16,0.38,390.71,8.08,2022-11-30,315.37,148,1.59,17,8
TSFINV.NS,2023-07-27,2023-07-10,94.52,93.27,2.52,2023-07-13,96.28,2023-07-21,90.86,0.76,96.28,5.64,2022-12-14,93.25,140,1.78,11,4
DLINKINDIA.NS,2023-07-27,2023-07-20,264.67,270.56,2.75,2023-07-24,283.46,2023-07-26,253.92,0.46,283.46,10.42,2022-11-09,267.38,173,0.88,18,6
SARLAPOLY.NS,2023-07-27,2023-07-12,47.93,47.69,5.39,2023-07-13,53.19,2023-07-26,44.92,0.23,53.19,15.54,2023-01-02,47.21,129,1.72,22,3
PHOENIXLTD.NS,2023-07-27,2023-07-13,844.67,834.11,4.69,2023-07-17,862.04,2023-07-20,797.92,0.59,862.04,7.44,2022-11-09,807.31,168,1.84,39,13
JKTYRE.NS,2023-07-26,2023-06-30,243.03,228.19,6.97,2023-07-06,251.95,2023-07-24,231.81,0.21,251.95,8.0,2022-12-09,205.83,137,0.99,25,10
BSE.NS,2023-07-26,2023-07-03,249.78,217.47,5.61,2023-07-12,255.99,2023-07-24,235.75,0.22,255.99,7.91,2022-10-27,201.75,168,1.04,16,8
FDC.NS,2023-07-24,2023-06-26,333.78,316.33,2.44,2023-07-06,336.17,2023-07-13,313.74,0.4,336.17,6.67,2022-10-31,310.76,162,0.7,25,8
ASHOKA.NS,2023-07-24,2023-07-12,94.5,92.7,4.53,2023-07-14,96.35,2023-07-19,90.4,0.59,96.35,6.18,2023-01-11,92.3,122,0.82,14,3
AARTIDRUGS.NS,2023-07-24,2023-07-12,599.69,487.92,8.7,2023-07-17,529.87,2023-07-21,501.69,0.6,529.87,5.32,2022-11-01,482.09,172,11.32,38,9
RADICO.NS,2023-07-21,2023-07-03,1389.29,1268.05,2.87,2023-07-06,1437.46,2023-07-20,1319.59,0.66,1437.46,8.2,2023-02-06,1220.33,98,1.37,15,5
MAHSCOOTER.NS,2023-07-21,2023-07-04,5468.77,5378.69,3.85,2023-07-05,5545.24,2023-07-13,5259.49,0.56,5545.24,5.15,2022-11-15,5278.69,157,1.32,18,4
PFS.NS,2023-07-21,2023-06-09,20.55,18.28,3.95,2023-06-20,21.23,2023-07-05,18.52,0.58,21.76,14.89,2023-01-11,18.04,100,3.98,24,6
PARAGMILK.NS,2023-07-20,2023-06-23,143.88,119.68,4.69,2023-06-30,147.91,2023-07-10,126.29,0.12,147.91,14.62,2022-10-07,115.35,176,1.36,24,6
JYOTHYLAB.NS,2023-07-20,2023-07-03,239.79,215.41,2.56,2023-07-07,234.29,2023-07-13,220.24,0.58,234.29,6.0,2023-02-07,211.99,97,2.95,23,11
GABRIEL.NS,2023-07-20,2023-07-06,203.4,197.36,1.97,2023-07-12,203.5,2023-07-18,193.45,1.0,203.5,4.94,2022-11-29,195.99,149,2.39,10,2
ANTELOPUS.NS,2023-07-20,2023-07-05,357.6,338.3,3.41,2023-07-10,367.4,2023-07-13,331.0,0.73,367.4,9.91,2022-10-14,334.6,178,2.48,34,12
BAJFINANCE.NS,2023-07-19,2023-07-04,745.47,772.57,4.58,2023-07-05,786.28,2023-07-12,727.14,0.98,786.28,7.52,2022-10-21,733.05,172,0.85,9,3
SHREERAMA.NS,2023-07-19,2023-06-30,17.1,15.4,2.86,2023-07-05,17.35,2023-07-06,15.3,0.42,17.35,11.82,2022-11-10,13.94,158,1.19,31,5
SJVN.NS,2023-07-19,2023-06-26,46.19,39.83,3.79,2023-07-06,45.24,2023-07-13,42.87,0.61,46.76,8.32,2022-12-05,38.76,138,2.29,21,7
THOMASCOTT.NS,2023-07-18,2023-06-05,69.85,50.6,9.24,2023-06-14,59.6,2023-07-05,57.05,0.3,71.0,19.65,2022-12-21,49.35,111,1.1,37,15
SSWL.NS,2023-07-17,2023-06-14,205.46,180.08,12.0,2023-06-23,197.18,2023-07-13,188.06,0.86,224.44,16.21,2022-12-06,171.55,129,0.97,14,2
JAGRAN.NS,2023-07-17,2023-07-04,69.33,65.36,7.2,2023-07-06,69.8,2023-07-07,64.4,0.69,69.8,7.73,2023-01-06,64.78,119,1.39,21,6
IMPAL.NS,2023-07-17,2023-06-21,729.3,723.87,6.55,2023-06-27,760.3,2023-07-13,693.24,0.97,760.3,8.82,2022-11-09,713.21,153,1.44,40,9
CENTURYPLY.NS,2023-07-17,2023-06-30,677.55,659.13,1.74,2023-07-06,691.1,2023-07-14,647.33,0.57,691.1,6.33,2022-10-25,636.42,168,1.76,20,6
VIDHIING.NS,2023-07-17,2023-06-27,387.97,395.73,2.06,2023-06-28,403.87,2023-07-14,372.65,0.48,403.87,7.73,2022-11-11,394.14,155,0.75,17,4
SAREGAMA.NS,2023-07-14,2023-06-22,404.44,384.2,2.49,2023-06-27,418.98,2023-07-12,369.09,0.29,418.98,11.91,2022-11-11,381.6,152,1.84,22,0
GANESHHOU.NS,2023-07-14,2023-07-04,397.65,404.04,8.83,2023-07-05,426.06,2023-07-11,370.91,0.71,426.06,12.94,2022-10-19,391.4,174,1.0,27,8
GLOBALVECT.NS,2023-07-14,2023-06-20,85.5,70.1,11.0,2023-06-30,76.5,2023-07-04,69.0,0.74,78.95,12.6,2022-09-28,66.45,179,3.35,35,6
BAJAJELEC.NS,2023-07-13,2023-06-27,1146.48,1157.18,2.1,2023-07-03,1184.58,2023-07-07,1108.47,0.55,1184.58,6.43,2022-12-30,1143.99,120,1.12,38,12
TANLA.NS,2023-07-13,2023-06-13,1012.25,907.97,5.25,2023-06-21,1019.42,2023-06-23,928.33,0.48,1019.42,8.94,2022-10-13,822.07,164,5.3,26,16
AETHER.NS,2023-07-12,2023-06-21,1074.9,1099.8,5.24,2023-06-22,1209.0,2023-07-11,1044.0,0.46,1209.0,13.65,2022-10-25,1030.0,162,0.94,28,16
PAYTM.NS,2023-07-12,2023-06-08,854.75,772.0,5.83,2023-06-19,914.95,2023-07-11,801.3,0.58,914.95,12.42,2022-10-10,745.45,164,1.77,39,12
TIINDIA.NS,2023-07-12,2023-06-21,3269.42,3158.91,2.27,2023-06-23,3385.16,2023-06-30,3089.64,0.53,3385.16,8.73,2022-12-20,3031.62,124,0.75,19,9
KTKBANK.NS,2023-07-12,2023-06-28,190.5,159.7,6.13,2023-07-05,190.36,2023-07-10,175.08,0.44,190.36,8.03,2022-12-14,156.55,133,1.04,19,9
PRAKASH.NS,2023-07-11,2023-06-27,78.79,73.87,3.1,2023-07-06,77.81,2023-07-07,74.46,0.58,77.81,4.3,2023-01-20,70.37,105,1.5,12,1
JINDRILL.NS,2023-07-10,2023-06-12,374.95,366.53,5.44,2023-06-20,384.42,2023-07-03,332.85,0.46,384.42,13.41,2022-10-14,349.24,162,1.34,20,1
ORISSAMINE.NS,2023-07-10,2023-06-26,3933.95,3391.5,3.28,2023-07-05,3864.0,2023-07-07,3601.0,0.46,3864.0,6.81,2023-01-19,3299.0,105,1.87,27,7
MEGASTAR.NS,2023-07-10,2023-06-05,306.85,329.55,4.3,2023-06-06,345.0,2023-06-26,278.65,0.36,345.0,19.23,2022-11-01,304.0,146,0.83,45,13
TBZ.NS,2023-07-07,2023-06-08,83.9,84.48,8.04,2023-06-09,88.83,2023-06-23,79.56,0.46,88.83,10.43,2022-10-04,82.55,167,2.77,9,2
ZOTA.NS,2023-07-07,2023-06-20,388.16,379.1,3.18,2023-06-22,390.1,2023-06-23,358.31,0.66,390.1,8.15,2023-01-17,375.82,103,1.77,35,6
XPROINDIA.NS,2023-07-07,2023-06-07,864.31,835.97,4.66,2023-06-16,903.28,2023-06-28,816.26,0.2,903.28,9.63,2022-09-14,798.19,180,1.02,31,7
UNOMINDA.NS,2023-07-07,2023-06-16,563.66,580.87,1.77,2023-06-22,599.41,2023-07-05,550.78,0.75,599.41,8.11,2022-10-06,572.92,172,2.81,34,9
SHALBY.NS,2023-07-06,2023-06-21,181.52,168.2,4.22,2023-07-03,189.93,2023-07-05,171.72,0.88,189.93,9.59,2023-01-09,166.27,110,1.08,31,9
PRESTIGE.NS,2023-07-06,2023-06-05,589.32,512.57,2.62,2023-06-14,599.58,2023-06-26,554.48,0.72,599.58,7.52,2022-12-05,509.09,123,0.98,21,6
KIMS.NS,2023-07-06,2023-06-19,356.38,340.06,2.46,2023-06-22,371.55,2023-07-04,349.1,0.78,371.55,6.04,2022-11-15,333.68,147,3.56,43,12
SIGMA.NS,2023-07-06,2023-06-08,358.81,312.47,4.65,2023-06-19,366.0,2023-06-27,326.2,0.77,401.4,18.73,2022-10-14,307.38,160,0.65,40,11
AMBICAAGAR.NS,2023-07-06,2023-06-16,39.5,40.0,11.84,2023-06-19,41.95,2023-06-26,35.5,0.16,41.95,15.38,2022-11-03,33.9,153,0.77,25,9
EKC.NS,2023-07-06,2023-06-15,121.46,123.33,3.71,2023-06-16,126.54,2023-07-05,114.17,0.91,126.54,9.77,2022-10-07,121.26,170,0.89,31,8
GRAPHITE.NS,2023-07-06,2023-06-15,382.37,386.89,3.71,2023-06-20,402.32,2023-06-26,363.83,0.62,402.32,9.57,2022-12-15,385.26,123,0.89,10,9
NRBBEARING.NS,2023-07-05,2023-06-07,196.93,181.28,2.05,2023-06-16,188.36,2023-06-26,167.76,0.31,188.36,10.94,2022-09-15,172.29,179,6.97,12,8
PIXTRANS.NS,2023-07-05,2023-05-25,924.49,957.48,1.97,2023-05-29,1001.39,2023-06-15,899.92,0.85,1001.39,10.13,2022-09-05,949.6,178,1.87,11,4
MASTEK.NS,2023-07-05,2023-05-22,1967.37,1945.23,4.67,2023-05-31,2013.89,2023-06-15,1901.78,0.4,2062.6,7.8,2022-09-12,1916.9,170,3.36,26,18
MUNJALSHOW.NS,2023-07-05,2023-05-30,131.27,102.79,14.0,2023-06-08,119.69,2023-06-22,114.59,0.23,125.1,8.4,2022-11-29,102.34,123,3.96,18,3
HDFCLIFE.NS,2023-07-05,2023-06-19,667.09,620.49,1.91,2023-06-27,667.49,2023-07-03,637.82,0.4,667.49,4.44,2023-01-06,612.58,109,0.82,22,9
RICOAUTO.NS,2023-07-05,2023-06-20,106.16,97.83,5.09,2023-06-23,103.66,2023-07-04,97.68,0.7,103.66,5.77,2023-01-18,93.02,102,1.77,15,2
SANGAMIND.NS,2023-07-05,2023-06-14,310.27,327.73,9.32,2023-06-15,337.78,2023-06-26,283.25,0.33,337.78,16.14,2022-09-21,309.0,180,1.51,28,13
BBTC.NS,2023-07-05,2023-06-13,1079.89,1033.89,15.17,2023-06-16,1079.94,2023-07-03,979.94,0.2,1079.94,9.26,2022-12-05,1026.93,129,2.3,24,16
BOMDYEING.NS,2023-07-05,2023-06-20,120.79,104.8,3.15,2023-06-30,109.03,2023-07-03,104.26,0.87,109.13,4.46,2022-10-07,99.34,173,3.67,17,14
BEPL.NS,2023-07-05,2023-05-22,81.89,74.97,3.26,2023-05-31,84.8,2023-06-20,75.94,0.24,89.24,14.91,2022-09-08,73.22,172,1.83,29,9
SOMICONVEY.NS,2023-07-04,2023-06-05,58.35,60.55,11.9,2023-06-06,64.2,2023-06-27,51.8,0.26,64.2,19.31,2022-09-13,56.2,179,0.78,28,15
HPL.NS,2023-07-04,2023-06-19,154.02,121.29,9.41,2023-06-23,136.41,2023-06-28,126.5,0.22,136.41,7.27,2022-12-01,114.64,135,3.49,21,4
MEDPLUS.NS,2023-07-04,2023-05-26,829.3,813.1,16.07,2023-05-29,865.0,2023-06-15,766.85,0.12,865.0,11.35,2022-09-12,777.0,174,3.19,39,17
RAMRAT.NS,2023-07-04,2023-06-07,144.57,125.27,8.31,2023-06-14,142.73,2023-06-30,131.85,0.65,153.72,14.23,2022-09-15,123.83,179,0.96,19,8
INTLCONV.NS,2023-07-03,2023-06-15,71.73,66.56,8.41,2023-06-20,72.41,2023-06-26,65.45,0.6,72.41,9.62,2023-01-23,61.82,96,1.46,20,13
MAXIND.NS,2023-07-03,2023-06-12,125.0,119.0,7.42,2023-06-21,124.2,2023-06-26,116.1,0.6,124.4,6.67,2022-12-16,112.0,119,2.09,8,1
FACT.NS,2023-07-03,2023-06-20,468.45,415.38,4.82,2023-06-28,476.43,2023-06-30,428.88,0.58,476.43,9.98,2023-01-02,388.72,114,1.77,29,16
HIMATSEIDE.NS,2023-07-03,2023-06-12,129.05,110.91,2.54,2023-06-21,120.58,2023-06-23,111.11,0.3,120.58,7.85,2022-10-07,109.62,167,3.52,14,3
CSLFINANCE.NS,2023-07-03,2023-06-20,329.08,319.13,5.83,2023-06-23,341.73,2023-06-28,299.75,0.65,341.73,12.29,2022-11-09,280.22,152,0.91,45,14
TATACOMM.NS,2023-06-30,2023-06-07,1543.02,1380.59,2.37,2023-06-14,1598.0,2023-06-26,1479.59,0.57,1598.0,7.41,2023-01-12,1365.65,97,1.09,18,6
SWARAJENG.NS,2023-06-30,2023-06-07,1879.84,1796.45,3.24,2023-06-13,1942.59,2023-06-23,1811.31,0.73,1942.59,6.76,2022-09-21,1730.43,175,0.84,18,11
WALCHANNAG.NS,2023-06-30,2023-06-02,83.65,87.2,4.74,2023-06-06,98.0,2023-06-26,77.0,0.19,98.0,21.43,2022-12-14,80.5,115,0.63,21,9
MIDHANI.NS,2023-06-30,2023-06-19,288.13,280.44,6.06,2023-06-21,302.79,2023-06-26,268.74,0.81,302.79,11.25,2022-11-09,263.02,151,0.72,11,6
GPIL.NS,2023-06-28,2023-06-13,495.15,421.84,5.09,2023-06-21,506.5,2023-06-23,455.71,0.42,506.5,10.03,2023-01-16,410.14,99,0.71,12,2
INOXWIND.NS,2023-06-28,2023-06-19,39.36,40.42,1.73,2023-06-21,41.83,2023-06-23,37.01,0.42,41.83,11.51,2022-10-11,39.97,170,0.74,14,4
KARURVYSYA.NS,2023-06-28,2023-06-15,100.72,94.98,2.16,2023-06-16,103.55,2023-06-26,94.7,0.32,103.55,8.55,2022-12-15,92.63,123,1.34,24,9
JAYBARMARU.NS,2023-06-28,2023-06-12,113.58,89.37,10.85,2023-06-21,115.44,2023-06-23,98.87,0.27,115.44,14.35,2022-10-03,79.33,170,1.6,17,7
SHARDACROP.NS,2023-06-27,2023-06-06,533.0,534.49,12.22,2023-06-07,557.51,2023-06-26,504.64,0.24,557.51,9.48,2022-09-13,506.22,180,1.69,31,7
VTL.NS,2023-06-27,2023-06-21,360.79,362.35,1.62,2023-06-22,369.2,2023-06-23,338.88,0.97,369.2,8.21,2022-10-21,355.69,164,1.05,16,3
AJMERA.NS,2023-06-27,2023-06-14,75.22,73.12,7.33,2023-06-20,76.21,2023-06-23,70.37,0.79,76.21,7.67,2022-11-29,70.46,134,2.23,34,12
LODHA.NS,2023-06-27,2023-06-06,659.34,568.3,1.84,2023-06-14,702.02,2023-06-20,614.88,0.63,702.02,12.41,2023-01-19,555.72,91,0.64,26,4
INDIANHUME.NS,2023-06-26,2023-06-09,207.69,192.39,3.97,2023-06-19,197.91,2023-06-20,184.89,0.25,197.91,6.58,2022-09-21,182.42,177,2.56,18,6
SHYAMMETL.NS,2023-06-26,2023-06-14,344.27,335.41,7.3,2023-06-22,350.73,2023-06-23,328.31,0.31,350.73,6.39,2023-01-03,327.93,109,0.79,12,1
GRSE.NS,2023-06-26,2023-06-12,576.04,551.11,6.72,2023-06-21,604.1,2023-06-23,539.98,0.39,604.1,10.61,2022-12-09,536.71,124,0.8,15,5
ARMANFIN.NS,2023-06-26,2023-05-31,2073.45,1894.7,15.25,2023-06-05,2121.2,2023-06-09,1816.3,0.75,2121.2,14.37,2022-11-15,1705.0,134,1.04,24,7
HEROMOTOCO.NS,2023-06-26,2023-06-02,2544.37,2581.31,3.23,2023-06-08,2700.31,2023-06-23,2467.4,0.5,2700.31,8.63,2022-09-13,2524.69,178,0.75,8,4
GENUSPOWER.NS,2023-06-26,2023-06-09,113.48,103.84,4.33,2023-06-19,114.96,2023-06-23,103.54,0.99,114.96,9.93,2022-11-28,101.32,132,1.34,14,1
GESHIP.NS,2023-06-26,2023-06-15,652.26,676.17,5.7,2023-06-16,709.72,2023-06-23,620.95,0.81,709.72,12.51,2022-12-21,655.16,119,0.76,18,5
CAPACITE.NS,2023-06-26,2023-06-07,201.75,196.0,2.11,2023-06-14,211.8,2023-06-23,186.85,0.51,211.9,11.82,2022-09-14,191.0,180,1.02,23,7
SGIL.NS,2023-06-23,2023-06-12,193.51,164.71,1.8,2023-06-13,192.86,2023-06-22,177.09,0.61,192.86,8.18,2022-10-06,162.61,168,3.87,43,11
MUTHOOTCAP.NS,2023-06-21,2023-06-01,398.7,356.8,3.89,2023-06-12,390.0,2023-06-20,363.0,0.44,390.0,6.92,2022-11-11,345.0,137,3.11,29,6
AJANTPHARM.NS,2023-06-21,2023-06-06,1428.39,1334.69,1.88,2023-06-08,1427.59,2023-06-09,1355.6,0.91,1427.59,5.04,2022-09-13,1322.63,180,1.46,28,13
UGARSUGAR.NS,2023-06-21,2023-06-09,120.04,115.73,2.03,2023-06-16,125.73,2023-06-20,116.22,0.78,125.73,7.57,2022-12-19,114.79,117,0.82,17,5
WELENT.NS,2023-06-21,2023-06-08,204.68,163.59,1.76,2023-06-19,195.19,2023-06-20,186.87,0.65,195.19,4.26,2023-01-03,163.13,105,2.83,25,6
FMGOETZE.NS,2023-06-21,2023-06-09,387.85,368.45,11.4,2023-06-12,399.5,2023-06-20,364.25,0.54,399.5,8.82,2022-11-22,350.0,136,1.8,24,14
GREENLAM.NS,2023-06-21,2023-05-29,220.96,176.14,11.11,2023-06-07,208.0,2023-06-15,206.89,0.26,250.63,17.45,2022-09-05,170.89,180,1.08,38,11
MAHSEAMLES.NS,2023-06-21,2023-06-02,465.62,450.14,2.86,2023-06-12,477.41,2023-06-15,444.67,0.48,477.41,6.86,2022-10-13,436.19,157,0.9,24,8
BCLIND.NS,2023-06-20,2023-06-06,51.31,46.04,4.36,2023-06-09,50.3,2023-06-15,46.4,0.97,50.3,7.76,2023-01-19,45.66,91,1.35,38,8
SATIN.NS,2023-06-20,2023-05-30,172.8,174.95,1.74,2023-06-02,189.9,2023-06-15,163.5,0.94,189.9,13.9,2022-12-05,173.4,119,1.17,21,5
SJS.NS,2023-06-20,2023-06-01,566.38,532.32,7.92,2023-06-05,569.51,2023-06-19,513.67,0.56,569.51,9.8,2022-09-08,517.1,180,2.66,21,6
IGARASHI.NS,2023-06-19,2023-06-05,499.73,490.87,3.05,2023-06-06,506.01,2023-06-09,469.95,0.62,506.01,7.13,2022-11-28,475.24,128,2.34,31,12
ECLERX.NS,2023-06-19,2023-05-29,888.93,805.36,7.6,2023-06-06,877.92,2023-06-14,794.05,0.72,877.92,9.55,2022-09-13,789.05,174,2.99,18,4
TIPSMUSIC.NS,2023-06-19,2023-06-01,210.68,195.5,4.72,2023-06-07,207.6,2023-06-14,194.88,0.7,207.6,6.12,2022-11-04,181.22,141,1.45,30,11
TEXRAIL.NS,2023-06-19,2023-06-07,69.66,65.89,5.63,2023-06-13,69.26,2023-06-15,64.85,0.62,69.26,6.37,2022-11-29,64.7,129,2.07,14,8
BAJAJCON.NS,2023-06-19,2023-05-22,187.1,179.68,2.83,2023-05-30,185.51,2023-06-15,175.88,0.42,185.51,5.19,2022-12-06,177.95,112,3.26,12,4
MANINFRA.NS,2023-06-19,2023-06-05,110.37,97.54,1.93,2023-06-14,109.69,2023-06-16,108.32,0.78,114.96,5.77,2022-09-15,96.01,177,0.9,19,6
ASTRAMICRO.NS,2023-06-19,2023-06-07,352.55,358.6,1.51,2023-06-12,369.4,2023-06-16,343.03,0.49,369.4,7.14,2022-09-16,353.29,178,0.87,14,5
STAR.NS,2023-06-19,2023-06-07,415.91,393.05,7.15,2023-06-13,407.83,2023-06-15,390.78,0.4,407.83,4.18,2022-12-22,386.39,112,1.47,16,3
HBLENGINE.NS,2023-06-19,2023-06-06,151.64,135.15,5.83,2023-06-13,153.23,2023-06-15,141.41,0.69,153.23,7.72,2022-10-10,120.99,162,1.14,10,4
AXISCADES.NS,2023-06-19,2023-06-05,402.2,391.85,1.54,2023-06-06,411.4,2023-06-15,357.25,0.76,411.4,13.16,2022-11-11,385.8,139,0.63,17,7
IFGLEXPOR.NS,2023-06-16,2023-05-26,156.09,137.94,1.88,2023-06-06,157.82,2023-06-12,144.2,0.39,157.82,8.63,2023-01-09,137.51,92,3.06,32,12
MAZDOCK.NS,2023-06-16,2023-06-05,577.99,479.93,8.45,2023-06-08,525.29,2023-06-12,497.06,0.86,525.29,5.37,2022-12-05,455.74,123,3.58,18,7
TPLPLASTEH.NS,2023-06-16,2023-05-25,42.53,42.86,1.69,2023-05-26,45.86,2023-06-13,38.81,0.36,45.86,15.37,2022-10-11,41.9,153,1.61,30,5
REFEX.NS,2023-06-15,2023-05-11,105.56,70.09,2.83,2023-05-22,99.71,2023-06-09,97.4,0.18,117.8,17.31,2022-12-01,66.44,108,0.64,28,10
FORCEMOT.NS,2023-06-15,2023-05-30,2226.74,1706.2,9.72,2023-06-07,2248.53,2023-06-12,2085.27,0.44,2248.53,7.26,2022-12-01,1592.24,121,0.68,18,8
CHENNPETRO.NS,2023-06-14,2023-05-17,318.82,279.4,1.72,2023-05-26,339.46,2023-06-12,300.08,0.66,339.46,11.6,2022-08-24,275.86,179,0.74,25,10
TALBROAUTO.NS,2023-06-14,2023-06-02,141.84,117.59,2.38,2023-06-06,134.23,2023-06-08,119.05,0.87,134.23,11.31,2022-12-21,117.27,110,4.98,18,3
3MINDIA.NS,2023-06-14,2023-05-30,26705.34,23549.54,3.01,2023-06-07,26301.39,2023-06-12,24984.3,0.43,26301.39,5.01,2022-10-06,23084.9,159,1.32,37,11
ISGEC.NS,2023-06-14,2023-05-30,615.04,581.93,11.87,2023-06-07,634.46,2023-06-13,593.0,0.39,634.46,6.53,2022-09-13,561.33,175,0.76,17,5
WESTLIFE.NS,2023-06-14,2023-06-01,846.88,824.01,5.95,2023-06-07,862.0,2023-06-08,802.33,0.68,862.0,6.92,2022-12-06,811.13,120,0.83,29,6
NHPC.NS,2023-06-13,2023-05-03,42.37,42.46,1.51,2023-05-05,43.39,2023-05-26,39.58,0.62,43.39,8.79,2022-10-27,42.13,126,1.74,13,2
ORIENTHOT.NS,2023-06-13,2023-04-26,90.79,87.94,3.84,2023-05-08,95.06,2023-05-24,87.49,0.39,96.34,9.18,2022-11-30,86.71,99,2.66,25,6
SHREDIGCEM.NS,2023-06-13,2023-05-19,78.91,76.03,2.21,2023-05-26,80.77,2023-06-12,75.84,0.37,80.77,6.1,2022-12-08,73.79,109,2.62,21,2
GOKEX.NS,2023-06-12,2023-05-31,484.37,438.13,4.52,2023-06-07,474.18,2023-06-08,446.67,0.87,474.18,5.8,2022-10-07,424.14,159,3.38,33,7
BALMLAWRIE.NS,2023-06-12,2023-05-25,117.42,116.46,2.2,2023-06-05,120.12,2023-06-09,114.63,0.31,120.3,4.71,2023-01-06,115.93,92,1.66,18,0
DYCL.NS,2023-06-09,2023-05-26,128.53,114.04,1.71,2023-05-31,126.19,2023-06-08,110.57,0.38,126.19,12.37,2023-01-04,112.07,95,4.4,26,1
PAR.NS,2023-06-09,2023-05-18,210.35,191.2,3.23,2023-05-19,222.45,2023-05-30,202.0,0.18,222.45,9.19,2022-11-11,187.4,127,0.75,31,5
RAMCOCEM.NS,2023-06-09,2023-05-19,925.92,837.9,11.0,2023-05-30,916.23,2023-06-08,890.32,0.47,928.05,4.07,2022-09-13,804.04,168,0.76,20,8
ACUTAAS.NS,2023-06-08,2023-05-17,616.92,582.92,2.96,2023-05-26,619.65,2023-05-30,585.88,0.5,626.07,6.42,2022-09-14,573.9,165,1.25,13,7
BCONCEPTS.NS,2023-06-08,2023-06-05,329.87,330.17,2.19,2023-06-06,344.65,2023-06-07,304.2,0.28,344.65,11.74,2023-01-02,303.79,103,0.93,23,6
NH.NS,2023-06-07,2023-05-22,914.89,822.88,8.85,2023-05-31,890.84,2023-06-06,885.89,0.39,937.7,5.53,2022-11-10,811.65,130,0.83,18,3
RSYSTEMS.NS,2023-06-07,2023-05-26,326.91,266.51,1.77,2023-06-05,329.78,2023-06-06,304.15,0.79,329.78,7.77,2022-12-06,264.93,116,0.75,28,6
RAINBOW.NS,2023-06-07,2023-05-16,959.67,901.01,3.35,2023-05-25,948.44,2023-06-06,905.96,0.64,986.95,8.21,2022-11-16,877.6,122,0.97,24,5
CHOLAHLDNG.NS,2023-06-07,2023-05-05,854.87,707.18,2.18,2023-05-16,817.91,2023-05-31,779.76,0.35,859.31,9.26,2022-09-15,695.31,156,1.33,45,15
ELECON.NS,2023-06-05,2023-05-12,272.71,248.88,5.1,2023-05-19,279.15,2023-05-31,255.59,0.62,296.0,13.65,2022-12-01,234.87,109,0.61,17,7
KOKUYOCMLN.NS,2023-06-05,2023-05-19,118.7,95.74,2.5,2023-05-23,116.57,2023-05-24,104.4,0.62,116.57,10.44,2022-12-13,94.8,106,1.16,26,5
INDSWFTLAB.NS,2023-06-05,2023-05-26,72.75,76.35,8.26,2023-05-29,80.0,2023-06-01,68.05,0.63,80.0,14.94,2022-12-28,74.35,100,0.89,26,6
SHREYANIND.NS,2023-06-02,2023-05-15,213.75,179.49,13.57,2023-05-24,213.47,2023-05-29,198.62,0.63,213.47,6.96,2022-11-25,166.4,114,1.53,30,5
GLOBUSSPR.NS,2023-06-02,2023-05-17,1093.67,962.82,11.23,2023-05-26,1043.43,2023-05-29,989.03,0.53,1043.43,5.21,2022-12-14,938.59,103,2.86,17,7
GULPOLY.NS,2023-06-02,2023-05-10,219.07,242.23,1.84,2023-05-11,248.49,2023-05-30,207.21,0.31,248.49,16.61,2022-08-25,241.73,173,0.9,21,10
YUKEN.NS,2023-06-02,2023-05-10,614.65,644.83,4.87,2023-05-12,664.56,2023-05-30,570.51,0.17,664.56,14.15,2022-09-06,617.69,166,3.12,48,10
DATAMATICS.NS,2023-05-31,2023-05-02,460.28,404.42,13.69,2023-05-10,468.1,2023-05-26,432.45,0.18,499.85,13.48,2022-09-12,355.86,156,0.6,28,5
SHANTIGEAR.NS,2023-05-31,2023-05-15,418.28,399.1,10.09,2023-05-23,429.93,2023-05-24,405.91,0.76,429.93,5.59,2022-11-24,382.87,115,0.91,29,11
NLCINDIA.NS,2023-05-31,2023-05-23,89.71,89.04,2.97,2023-05-24,91.27,2023-05-30,84.45,0.71,91.27,7.48,2022-12-08,88.63,111,1.51,12,4
ARVIND.NS,2023-05-31,2023-05-18,119.83,109.06,4.89,2023-05-22,116.69,2023-05-25,109.85,0.46,116.69,5.86,2022-09-08,107.32,170,2.28,19,5
RVNL.NS,2023-05-31,2023-04-24,118.28,86.49,5.95,2023-05-04,137.45,2023-05-24,109.41,0.37,142.33,23.13,2022-11-29,80.95,98,1.22,26,5
CEMPRO.NS,2023-05-30,2023-05-17,152.72,146.54,1.99,2023-05-18,154.45,2023-05-24,141.8,0.67,154.45,8.19,2022-12-15,145.26,102,2.12,18,1
HUHTAMAKI.NS,2023-05-30,2023-05-17,275.84,231.79,1.76,2023-05-19,263.18,2023-05-29,251.4,0.49,263.81,4.7,2022-10-07,226.74,149,1.21,37,5
EMUDHRA.NS,2023-05-30,2023-05-18,419.59,384.6,4.75,2023-05-23,415.87,2023-05-24,391.49,0.74,415.87,5.86,2022-08-30,380.59,176,0.93,17,3
UGROCAP.NS,2023-05-29,2023-05-11,234.5,212.95,1.88,2023-05-19,227.25,2023-05-26,202.5,0.47,227.25,10.89,2022-09-19,212.0,158,2.04,43,7
UJJIVANSFB.NS,2023-05-26,2023-05-15,32.53,31.52,4.36,2023-05-16,33.39,2023-05-22,30.66,0.96,33.39,8.15,2022-12-14,31.11,101,1.14,15,3
BVCL.NS,2023-05-26,2023-04-26,37.85,35.65,10.37,2023-04-28,44.0,2023-05-12,34.05,0.17,44.0,22.61,2022-08-22,32.15,167,1.15,29,12
STARCEMENT.NS,2023-05-25,2023-05-03,132.73,124.99,4.01,2023-05-08,130.94,2023-05-19,121.02,0.99,130.94,7.58,2022-12-12,123.05,95,6.04,34,10
TAJGVK.NS,2023-05-25,2023-05-16,240.08,236.87,5.29,2023-05-18,245.06,2023-05-24,218.23,0.49,245.06,10.95,2022-12-16,232.33,100,2.82,19,2
MANORAMA.NS,2023-05-25,2023-05-12,287.44,276.75,4.33,2023-05-15,286.88,2023-05-23,259.48,0.19,286.88,9.55,2022-10-10,271.26,145,0.63,14,3
SANOFI.NS,2023-05-25,2023-05-11,6337.37,5804.31,7.79,2023-05-18,6220.08,2023-05-23,5852.11,0.24,6220.08,5.92,2022-08-17,5648.16,180,1.1,24,3
PRIMESECU.NS,2023-05-25,2023-04-28,111.33,116.26,4.46,2023-05-02,119.85,2023-05-22,107.19,0.64,119.85,10.56,2022-09-02,114.38,161,0.76,26,4
DEEPINDS.NS,2023-05-24,2023-04-21,170.31,162.92,5.55,2023-04-28,174.28,2023-05-19,154.59,0.79,174.28,11.3,2022-10-10,157.72,131,8.5,26,8
HSCL.NS,2023-05-24,2023-05-03,126.89,115.26,5.44,2023-05-12,123.85,2023-05-19,114.36,0.88,123.85,7.66,2022-10-07,108.2,139,2.25,13,1
STYLAMIND.NS,2023-05-23,2023-05-09,1620.38,1416.57,8.15,2023-05-18,1605.7,2023-05-22,1544.44,0.41,1616.19,4.44,2022-08-16,1267.27,179,0.6,29,6
AURIONPRO.NS,2023-05-22,2023-05-08,356.23,239.1,3.37,2023-05-17,288.83,2023-05-19,295.21,0.65,323.84,8.84,2022-09-30,236.84,146,2.67,15,1
TMPV.NS,2023-05-19,2023-05-08,511.42,487.6,1.86,2023-05-15,523.31,2023-05-18,494.03,0.94,523.31,5.59,2022-08-17,481.66,177,1.45,11,2
SYNGENE.NS,2023-05-18,2023-04-27,693.46,644.57,5.94,2023-05-09,706.21,2023-05-17,676.6,0.51,713.05,5.11,2022-11-03,642.73,118,0.66,11,1
MANINDS.NS,2023-05-17,2023-05-05,116.0,103.48,5.87,2023-05-15,115.61,2023-05-16,110.93,0.6,115.61,4.05,2022-09-23,98.45,150,2.74,34,17
LUMAXTECH.NS,2023-05-17,2023-04-21,305.61,311.05,6.24,2023-04-24,319.4,2023-05-05,286.57,0.84,319.4,10.28,2022-09-15,302.45,147,1.49,25,8
INDHOTEL.NS,2023-05-16,2023-05-03,359.05,350.31,2.9,2023-05-09,373.06,2023-05-15,345.97,0.71,373.06,7.26,2022-11-11,344.49,116,1.7,17,0
AGI.NS,2023-05-11,2023-04-28,565.39,405.31,2.22,2023-05-08,580.77,2023-05-10,521.21,0.67,580.77,10.26,2022-09-23,399.43,146,1.36,18,6
ADOR.NS,2023-05-11,2023-04-20,1021.83,1012.77,3.2,2023-04-21,1049.02,2023-05-10,962.49,0.74,1051.7,8.48,2022-09-22,974.51,141,1.64,14,2
BDL.NS,2023-05-11,2023-05-03,501.66,510.12,2.54,2023-05-04,526.11,2023-05-10,492.45,0.25,526.11,6.4,2022-10-27,501.47,126,0.7,27,10
IRCON.NS,2023-05-11,2023-04-24,78.56,64.67,7.25,2023-05-03,85.43,2023-05-10,72.93,0.88,85.43,14.64,2022-12-07,61.69,92,1.36,17,2
GRAUWEIL.NS,2023-05-10,2023-04-13,116.89,112.11,8.47,2023-04-21,119.55,2023-04-26,107.67,0.96,119.55,9.94,2022-11-30,107.37,91,2.11,19,2
ROHLTD.NS,2023-05-10,2023-04-20,362.12,316.96,3.68,2023-04-28,342.14,2023-05-03,316.62,0.66,343.62,7.86,2022-12-01,311.9,94,1.34,29,3
KSB.NS,2023-05-09,2023-04-03,449.02,427.5,1.76,2023-04-17,450.46,2023-04-18,421.3,0.88,450.46,6.47,2022-10-13,425.81,117,2.91,23,6
MALLCOM.NS,2023-05-08,2023-04-11,857.4,814.07,4.44,2023-04-20,843.7,2023-04-26,755.46,0.81,843.7,10.46,2022-07-22,799.54,176,2.44,29,12
ANMOL.NS,2023-05-08,2023-04-17,45.48,43.99,5.73,2023-04-24,45.98,2023-05-03,42.6,0.5,45.98,7.35,2022-08-02,42.8,172,2.03,29,8
STEELCITY.NS,2023-05-08,2023-04-26,57.14,57.14,4.61,2023-04-27,59.18,2023-05-05,55.0,0.4,59.18,7.06,2022-12-07,55.73,94,2.15,22,9
KSOLVES.NS,2023-05-05,2023-04-06,304.67,236.24,5.92,2023-04-19,280.58,2023-04-21,261.64,0.87,280.58,6.75,2022-08-24,229.6,153,1.4,22,3
PRECAM.NS,2023-05-05,2023-04-19,144.86,139.14,2.7,2023-04-21,144.67,2023-05-03,131.16,0.24,144.67,9.34,2022-07-27,137.79,178,1.4,25,3
EIMCOELECO.NS,2023-05-04,2023-04-24,611.0,459.44,8.94,2023-04-28,619.62,2023-05-02,548.84,0.92,619.62,11.42,2022-11-03,457.08,115,0.77,25,6
GVT&D.NS,2023-05-04,2023-04-19,181.15,145.66,6.68,2023-04-28,184.44,2023-05-03,171.53,0.35,184.44,7.0,2022-11-04,143.12,111,0.77,10,5
NITINSPIN.NS,2023-05-02,2023-04-03,248.32,240.64,3.0,2023-04-11,259.02,2023-04-28,235.32,0.22,259.02,9.15,2022-09-16,234.34,135,0.86,11,4
ETHOSLTD.NS,2023-04-28,2023-04-17,1299.0,1214.15,11.29,2023-04-20,1292.8,2023-04-27,1197.1,0.89,1292.8,7.4,2022-08-16,1147.0,164,3.02,34,8
NEULANDLAB.NS,2023-04-26,2023-04-06,2069.94,2043.2,2.03,2023-04-19,2181.81,2023-04-24,1934.75,0.64,2181.81,11.32,2022-11-14,1986.35,99,0.79,35,15
VARDMNPOLY.NS,2023-04-24,2023-04-03,4.32,2.88,4.5,2023-04-17,4.11,2023-04-21,3.76,0.54,4.53,17.11,2022-07-13,2.8,179,1.03,21,8
TARMAT.NS,2023-04-21,2023-03-01,80.55,70.95,3.21,2023-03-13,79.85,2023-03-29,70.6,0.26,93.5,24.49,2022-09-07,66.0,121,0.65,36,9
BHARATWIRE.NS,2023-04-18,2023-03-27,159.35,141.9,5.56,2023-04-03,160.0,2023-04-06,141.7,0.52,160.0,11.44,2022-09-09,137.95,136,1.56,24,9
SMLMAH.NS,2023-04-17,2023-04-03,911.12,873.28,13.95,2023-04-05,939.64,2023-04-11,845.35,0.33,939.64,10.03,2022-10-07,870.34,121,0.67,38,8
ANURAS.NS,2023-04-12,2023-03-23,948.17,849.36,2.99,2023-04-05,888.92,2023-04-10,907.61,0.72,951.46,4.61,2022-08-01,840.98,160,0.99,21,2
GAIL.NS,2023-04-12,2023-02-24,97.84,89.81,2.87,2023-03-08,97.92,2023-03-23,91.81,0.67,97.92,6.25,2022-06-09,89.21,179,0.88,9,5
APOLLOPIPE.NS,2023-04-11,2023-03-15,584.74,561.91,3.87,2023-03-17,574.69,2023-03-29,527.01,0.44,574.69,8.3,2022-08-24,560.8,139,5.31,26,15
SUPRAJIT.NS,2023-04-10,2023-03-02,350.68,365.06,6.37,2023-03-06,390.93,2023-03-28,323.84,0.73,390.93,17.16,2022-09-21,356.78,112,0.65,18,4
DENORA.NS,2023-04-05,2023-03-09,924.98,987.28,2.96,2023-03-10,1021.44,2023-03-28,819.25,0.38,1021.44,19.79,2022-10-11,984.54,103,1.28,42,15
TEMBO.NS,2023-03-24,2023-03-02,18.17,17.06,1.77,2023-03-03,17.84,2023-03-13,15.27,0.81,17.84,14.41,2022-07-22,16.32,152,0.82,27,4
OLECTRA.NS,2023-03-22,2023-03-09,658.22,670.26,2.86,2023-03-10,742.75,2023-03-16,591.57,0.53,742.75,20.35,2022-09-02,663.03,129,0.79,19,4
LINDEINDIA.NS,2023-03-22,2023-02-20,3937.33,3781.59,2.35,2023-02-24,3860.06,2023-03-16,3624.97,0.47,4098.27,11.55,2022-08-04,3751.87,135,0.86,18,9
NUCLEUS.NS,2023-03-21,2023-02-16,600.08,519.74,10.3,2023-02-24,613.55,2023-03-14,510.43,0.42,613.55,16.81,2022-07-19,459.72,145,1.54,23,10
IGL.NS,2023-03-17,2023-03-06,199.18,205.11,2.53,2023-03-08,209.69,2023-03-16,192.09,0.63,209.69,8.4,2022-09-15,204.29,118,0.79,14,1
SCHAND.NS,2023-03-17,2023-03-09,205.07,199.83,11.87,2023-03-13,218.45,2023-03-16,193.28,0.56,218.45,11.53,2022-09-06,191.87,127,1.05,18,3
CONTROLPR.NS,2023-03-17,2023-03-06,472.27,500.62,6.68,2023-03-08,515.47,2023-03-16,451.45,0.2,515.47,12.42,2022-08-25,493.85,132,1.61,18,6
ZENTEC.NS,2023-03-14,2023-02-15,292.79,233.72,8.96,2023-02-24,270.29,2023-03-13,256.32,0.44,290.8,11.85,2022-09-14,225.54,106,2.51,22,10
AUTOAXLES.NS,2023-03-13,2023-01-30,2349.04,2166.46,2.11,2023-02-03,2520.03,2023-02-24,2204.79,0.25,2520.03,12.51,2022-09-08,2139.12,98,8.2,38,8
CERA.NS,2023-03-10,2023-02-09,6086.8,5769.74,1.94,2023-02-20,6278.2,2023-03-08,5798.69,0.6,6561.73,11.63,2022-09-12,5756.49,104,0.84,38,11
FSL.NS,2023-03-06,2023-02-08,110.08,111.09,1.53,2023-02-16,113.86,2023-03-02,104.8,0.45,114.5,8.47,2022-09-12,109.8,103,2.28,11,3
CARBORUNIV.NS,2023-03-03,2023-01-30,997.56,951.71,1.64,2023-02-06,1005.09,2023-02-27,944.11,0.55,1008.82,6.41,2022-09-14,941.31,94,0.67,32,10
UNIENTER.NS,2023-02-28,2023-02-06,141.13,144.28,13.97,2023-02-10,162.17,2023-02-27,129.06,0.16,162.17,20.42,2022-09-14,137.84,99,0.83,38,15
SHREECEM.NS,2023-02-28,2023-02-17,25696.78,25371.19,1.95,2023-02-21,26643.42,2023-02-27,24506.94,0.49,26643.42,8.02,2022-09-09,25121.4,111,0.82,8,0
PGHL.NS,2023-02-24,2023-02-06,4190.93,4171.9,13.68,2023-02-07,4306.52,2023-02-23,4075.43,0.13,4306.52,5.37,2022-07-25,3981.55,133,1.21,31,10
NMDC.NS,2023-02-16,2023-01-11,34.34,36.28,2.33,2023-01-13,37.24,2023-02-03,32.91,0.67,37.24,11.61,2022-04-29,35.77,176,1.36,20,2
GNA.NS,2023-02-16,2023-02-01,438.1,388.22,8.45,2023-02-10,445.42,2023-02-15,403.79,0.56,445.42,9.35,2022-09-05,377.0,103,0.64,31,11
MANAKSIA.NS,2023-02-13,2023-01-23,151.26,91.27,9.24,2023-02-02,141.02,2023-02-08,122.41,0.26,141.02,13.19,2022-06-02,88.9,161,0.93,34,10
MUKANDLTD.NS,2023-02-10,2023-01-17,126.82,132.98,1.92,2023-01-18,136.93,2023-02-02,113.66,0.5,136.93,17.0,2022-04-29,130.75,180,1.36,21,3
SUNFLAG.NS,2023-02-09,2023-01-13,147.53,129.53,3.91,2023-01-24,139.4,2023-02-07,123.95,0.45,145.64,14.89,2022-04-29,124.55,178,2.07,15,2
SONATSOFTW.NS,2023-02-08,2023-01-24,303.48,295.29,6.8,2023-02-01,304.85,2023-02-07,284.46,0.83,304.85,6.69,2022-09-08,281.39,95,1.91,30,7
HISARMETAL.NS,2023-02-08,2023-01-19,169.07,157.8,8.62,2023-01-20,189.33,2023-02-03,142.65,0.33,189.33,24.66,2022-08-25,147.01,101,1.17,35,7
THEJO.NS,2023-02-02,2023-01-10,1293.66,1252.17,1.75,2023-01-16,1343.42,2023-01-30,1196.19,0.18,1343.42,10.96,2022-04-25,1241.18,179,0.76,37,12
MARINE.NS,2023-01-30,2023-01-05,38.06,37.76,7.91,2023-01-09,41.9,2023-01-27,34.57,0.41,41.9,17.5,2022-08-25,35.81,91,0.81,31,10
MOLDTECH.NS,2023-01-19,2022-12-30,175.34,137.5,7.29,2023-01-05,159.59,2023-01-09,141.52,0.24,159.59,11.32,2022-05-05,123.63,165,5.04,30,15
USHAMART.NS,2023-01-18,2022-12-26,186.04,164.89,6.39,2023-01-02,194.39,2023-01-06,170.94,0.34,194.39,12.06,2022-04-26,158.52,167,1.91,13,2
NACLIND.NS,2023-01-12,2022-12-29,105.15,101.82,11.17,2022-12-30,110.28,2023-01-09,96.64,0.38,110.28,12.37,2022-04-22,97.98,172,2.01,22,5
BLKASHYAP.NS,2023-01-11,2022-12-02,33.2,29.35,3.94,2022-12-08,38.35,2022-12-23,28.95,0.45,38.35,24.51,2022-04-04,29.2,165,0.83,22,7
SOMATEX.NS,2023-01-06,2022-12-19,9.56,9.65,2.28,2022-12-21,11.1,2022-12-29,8.56,0.46,11.1,22.87,2022-04-12,9.21,170,0.79,22,5
IDBI.NS,2023-01-06,2022-11-25,55.84,48.22,2.72,2022-12-06,56.69,2022-12-26,45.28,0.7,57.73,21.56,2022-04-06,47.51,158,4.38,18,4
PSPPROJECT.NS,2023-01-05,2022-12-12,748.01,705.14,10.85,2022-12-20,744.37,2022-12-23,639.39,0.68,744.37,14.1,2022-07-19,664.24,98,0.91,29,10
ABBOTINDIA.NS,2023-01-04,2022-12-21,20554.04,20189.75,3.29,2022-12-23,20788.83,2022-12-30,19893.91,0.8,20788.83,4.3,2022-08-02,19582.89,95,0.97,12,3
HERITGFOOD.NS,2023-01-03,2022-12-19,183.3,176.07,1.52,2022-12-21,187.5,2022-12-26,164.31,0.53,187.5,12.37,2022-04-22,173.18,164,1.21,27,4
WALCHANNAG.NS,2023-01-03,2022-12-13,71.7,76.7,1.57,2022-12-14,80.5,2022-12-26,62.05,0.58,80.5,22.92,2022-04-18,75.7,164,0.64,34,6
JMFINANCIL.NS,2023-01-02,2022-12-02,68.28,73.2,2.47,2022-12-05,78.12,2022-12-23,61.83,0.63,78.12,20.85,2022-04-29,71.32,148,0.62,19,9
VSSL.NS,2022-12-29,2022-12-13,144.76,148.72,11.7,2022-12-19,161.52,2022-12-26,128.97,0.72,161.52,20.15,2022-04-19,140.72,163,0.83,13,4
NFL.NS,2022-12-28,2022-12-15,72.79,64.95,6.43,2022-12-19,77.89,2022-12-27,60.65,0.87,77.89,22.13,2022-04-21,61.69,163,2.46,23,2
PALASHSECU.NS,2022-12-27,2022-12-14,140.7,139.5,10.11,2022-12-15,152.8,2022-12-26,123.6,0.28,152.8,19.11,2022-04-11,125.0,168,0.67,47,19
GMRAIRPORT.NS,2022-12-27,2022-11-30,39.15,42.9,3.68,2022-12-09,44.3,2022-12-26,37.15,0.6,44.3,16.14,2022-04-07,41.3,160,0.73,10,1
ASHIMASYN.NS,2022-12-27,2022-12-13,16.9,16.8,5.54,2022-12-21,18.3,2022-12-23,14.7,0.54,18.3,19.67,2022-04-07,16.75,169,1.26,33,4
IRB.NS,2022-12-27,2022-11-29,14.44,13.36,5.14,2022-12-08,14.35,2022-12-23,12.82,0.77,16.09,20.29,2022-04-05,13.12,161,1.32,26,12
JINDALSAW.NS,2022-12-27,2022-12-13,48.05,48.02,3.54,2022-12-21,51.68,2022-12-23,43.43,0.72,51.68,15.97,2022-04-19,47.76,163,0.85,10,1
STEL.NS,2022-12-26,2022-12-14,151.8,159.9,2.98,2022-12-20,174.4,2022-12-23,138.0,0.89,174.4,20.87,2022-04-25,158.0,160,1.17,30,4
FINPIPE.NS,2022-12-26,2022-12-05,175.03,168.88,3.72,2022-12-14,176.24,2022-12-23,158.85,0.78,185.0,14.14,2022-04-11,161.47,161,0.83,18,8
JSL.NS,2022-12-26,2022-12-13,214.56,219.67,1.53,2022-12-21,225.67,2022-12-22,200.15,0.6,225.67,11.31,2022-04-19,211.12,163,1.22,13,3
SCI.NS,2022-12-26,2022-12-19,127.34,132.14,3.07,2022-12-20,142.54,2022-12-23,119.01,0.91,142.54,16.51,2022-04-22,131.82,164,0.86,14,4
TIL.NS,2022-12-23,2022-12-07,166.25,160.5,4.69,2022-12-15,192.8,2022-12-22,145.5,0.5,192.8,24.53,2022-04-06,153.0,166,3.34,38,12
TEXRAIL.NS,2022-12-20,2022-11-28,58.01,62.42,3.95,2022-11-29,64.7,2022-12-16,53.44,0.41,64.7,17.39,2022-04-22,58.18,149,0.86,19,8
JINDWORLD.NS,2022-12-20,2022-12-08,82.77,79.91,3.02,2022-12-12,83.84,2022-12-14,76.31,0.56,83.84,8.98,2022-04-19,77.41,160,3.77,28,11
PANAMAPET.NS,2022-12-16,2022-11-18,346.24,331.55,4.41,2022-11-29,402.83,2022-12-15,320.41,0.92,402.83,20.46,2022-04-29,331.51,138,0.64,16,5
RAJSREESUG.NS,2022-12-14,2022-12-05,46.2,48.05,2.78,2022-12-06,50.4,2022-12-12,43.25,0.31,50.4,14.19,2022-04-26,48.0,152,0.98,15,10
KRISHANA.NS,2022-12-14,2022-12-02,41.72,39.82,5.56,2022-12-06,42.59,2022-12-08,40.01,0.83,42.59,6.05,2022-05-18,37.76,136,1.24,18,7
INNOVANA.NS,2022-12-13,2022-12-01,258.9,253.27,2.82,2022-12-07,288.39,2022-12-12,248.1,0.43,288.39,13.97,2022-04-05,237.5,163,0.81,59,20
VAISHALI.NS,2022-12-09,2022-11-21,14.69,12.22,5.48,2022-11-29,12.78,2022-12-01,12.12,0.85,12.78,5.2,2022-04-20,11.93,146,6.13,25,6
BRNL.NS,2022-12-08,2022-11-24,40.25,40.3,13.37,2022-11-25,44.6,2022-12-07,37.7,0.23,44.6,15.47,2022-07-01,37.9,98,1.79,46,14
WABAG.NS,2022-12-08,2022-11-28,338.35,322.53,2.49,2022-11-29,349.25,2022-12-02,323.48,0.73,349.25,7.38,2022-04-19,321.39,152,0.86,14,4
WINDMACHIN.NS,2022-12-08,2022-11-15,48.8,51.41,5.57,2022-11-16,53.18,2022-12-07,45.16,0.4,53.18,15.09,2022-04-22,46.98,140,1.31,26,16
FACT.NS,2022-12-07,2022-11-24,161.92,146.02,4.21,2022-11-28,154.09,2022-12-02,143.53,0.76,154.09,6.86,2022-04-07,144.02,156,5.95,46,15
REDINGTON.NS,2022-12-07,2022-11-16,167.05,146.94,1.51,2022-11-25,164.41,2022-11-29,157.83,0.63,166.51,5.22,2022-04-13,146.13,146,0.92,16,7
SPLIL.NS,2022-12-05,2022-11-09,81.1,81.05,3.3,2022-11-11,86.2,2022-11-21,68.1,0.25,86.2,21.0,2022-04-19,79.8,139,1.55,34,16
ARCHIES.NS,2022-12-02,2022-11-17,26.05,26.1,9.51,2022-11-18,29.5,2022-11-28,22.2,0.41,29.5,24.75,2022-04-11,24.05,149,1.05,26,17
RCF.NS,2022-12-02,2022-11-23,114.39,107.63,10.81,2022-11-28,118.83,2022-11-30,109.58,0.59,118.83,7.79,2022-04-19,104.25,149,0.76,21,8
SUPREMEIND.NS,2022-11-30,2022-11-01,2364.01,2191.3,4.74,2022-11-11,2407.5,2022-11-23,2166.8,0.5,2407.5,10.0,2022-04-05,2127.0,142,1.5,22,10
BIGBLOC.NS,2022-11-30,2022-11-10,80.94,77.66,4.44,2022-11-14,82.93,2022-11-25,75.5,0.28,82.93,8.95,2022-04-28,75.05,133,2.25,25,19
BBL.NS,2022-11-25,2022-10-27,1111.28,1108.29,10.3,2022-10-31,1177.47,2022-11-21,1013.39,0.13,1177.47,13.93,2022-02-07,1015.62,178,1.41,19,7
HPL.NS,2022-11-25,2022-10-20,98.93,87.62,11.59,2022-10-31,103.29,2022-11-21,89.45,0.23,103.54,13.6,2022-02-03,80.75,176,2.85,29,16
PDMJEPAPER.NS,2022-11-23,2022-10-31,50.47,47.73,7.26,2022-11-09,54.34,2022-11-21,46.01,0.22,54.34,15.32,2022-04-19,45.45,133,1.63,24,12
RAILTEL.NS,2022-11-23,2022-11-03,137.44,118.57,3.11,2022-11-15,131.5,2022-11-22,125.28,0.43,139.12,9.95,2022-04-22,115.04,133,2.19,16,8
ABCAPITAL.NS,2022-11-23,2022-11-07,129.0,128.5,4.92,2022-11-10,133.5,2022-11-18,123.1,0.47,133.5,7.79,2022-04-29,124.5,130,0.79,15,7
LINC.NS,2022-11-23,2022-11-10,92.13,84.56,15.79,2022-11-16,94.56,2022-11-18,82.68,0.6,94.56,12.56,2022-02-21,81.99,177,1.33,33,15
LIKHITHA.NS,2022-11-23,2022-10-25,202.16,192.7,1.98,2022-11-03,199.81,2022-11-15,186.87,0.77,205.21,8.94,2022-02-07,188.82,177,2.11,31,10
BANKINDIA.NS,2022-11-22,2022-10-27,71.55,50.96,3.14,2022-11-07,63.14,2022-11-14,64.74,0.61,69.1,6.31,2022-02-03,50.73,180,1.19,9,5
DHANBANK.NS,2022-11-21,2022-11-07,14.95,15.35,9.46,2022-11-09,16.75,2022-11-15,13.75,0.23,16.75,17.91,2022-04-11,14.65,142,1.83,20,10
EIMCOELECO.NS,2022-11-21,2022-11-02,434.27,432.16,13.66,2022-11-03,457.08,2022-11-17,400.93,0.21,457.08,12.28,2022-05-02,414.57,126,0.87,33,15
PAISALO.NS,2022-11-18,2022-10-20,42.05,44.79,3.72,2022-10-27,48.72,2022-11-17,38.05,0.49,48.72,21.89,2022-05-04,43.6,117,1.67,26,9
IOB.NS,2022-11-18,2022-11-04,21.35,21.7,9.41,2022-11-07,22.6,2022-11-15,19.75,0.66,22.6,12.61,2022-02-11,20.6,180,2.79,16,6
PSB.NS,2022-11-18,2022-11-04,18.18,17.99,9.3,2022-11-07,19.24,2022-11-17,17.26,0.78,19.24,10.28,2022-02-16,16.98,177,1.72,20,7
SATIA.NS,2022-11-16,2022-10-28,146.92,150.37,1.61,2022-10-31,161.85,2022-11-15,136.97,0.29,161.85,15.37,2022-04-19,149.85,132,0.96,28,12
UCOBANK.NS,2022-11-16,2022-11-02,14.39,13.23,3.02,2022-11-09,15.35,2022-11-15,13.81,0.87,15.35,10.06,2022-02-09,13.04,180,1.08,9,7
SHREYANIND.NS,2022-11-15,2022-10-27,154.23,135.94,3.04,2022-11-02,143.69,2022-11-07,134.83,0.41,143.69,6.17,2022-04-19,134.24,131,6.13,28,13
PRECWIRE.NS,2022-11-15,2022-11-04,69.37,67.64,6.99,2022-11-07,72.87,2022-11-14,63.81,0.55,72.87,12.43,2022-02-11,67.43,180,1.36,27,7
IIFL.NS,2022-11-14,2022-10-27,411.49,392.31,8.61,2022-11-03,419.22,2022-11-11,386.64,0.35,419.22,7.77,2022-04-28,387.52,124,0.82,42,13
VIMTALABS.NS,2022-11-11,2022-10-31,235.41,209.74,2.85,2022-11-07,240.34,2022-11-10,221.76,0.56,240.34,7.73,2022-02-08,207.11,179,1.81,18,2
GRAUWEIL.NS,2022-11-10,2022-10-17,94.75,85.98,6.42,2022-10-27,97.61,2022-11-01,86.72,0.69,97.61,11.16,2022-05-23,82.76,101,0.7,25,6
TSFINV.NS,2022-11-09,2022-09-23,86.64,82.64,9.84,2022-09-30,95.3,2022-10-19,79.27,0.41,95.3,16.82,2022-01-17,78.45,170,2.86,8,5
BECTORFOOD.NS,2022-11-07,2022-10-10,77.61,75.95,1.76,2022-10-19,79.92,2022-10-31,74.98,0.34,79.92,6.17,2022-01-20,75.22,177,1.61,27,18
VINDHYATEL.NS,2022-11-07,2022-10-10,1347.78,1395.27,6.5,2022-10-11,1428.62,2022-10-21,1269.67,0.39,1428.62,11.13,2022-02-08,1325.76,165,0.87,22,11
BOROLTD.NS,2022-11-04,2022-10-10,350.54,373.48,3.03,2022-10-18,388.04,2022-11-03,334.76,0.5,388.04,13.73,2022-02-04,349.87,167,0.86,11,5
KIRLFER.NS,2022-11-04,2022-10-03,270.95,269.82,5.84,2022-10-10,291.9,2022-10-21,249.36,0.44,291.9,14.57,2022-04-21,265.33,113,1.28,20,9
CASTROLIND.NS,2022-11-04,2022-10-13,106.0,103.6,1.67,2022-10-20,107.51,2022-11-01,100.62,0.95,107.51,6.42,2022-01-31,101.39,174,0.78,12,4
UNIONBANK.NS,2022-11-03,2022-10-21,47.73,43.52,4.22,2022-11-01,48.88,2022-11-02,45.38,0.87,48.88,7.16,2022-02-07,43.37,175,1.18,14,9
SUNTV.NS,2022-11-02,2022-10-07,496.16,492.88,1.76,2022-10-13,502.46,2022-10-28,471.41,0.63,502.46,6.18,2022-04-11,487.5,122,2.93,19,7
PRAJIND.NS,2022-11-02,2022-10-06,400.54,424.81,6.68,2022-10-11,442.0,2022-10-31,389.0,0.4,442.0,11.99,2022-01-20,424.37,175,0.61,10,2
AGI.NS,2022-11-01,2022-09-22,329.04,387.09,4.12,2022-09-23,399.43,2022-10-17,308.61,0.24,399.43,22.74,2022-04-19,372.64,108,3.67,19,10
SILLYMONKS.NS,2022-11-01,2022-09-19,31.0,30.6,3.87,2022-09-28,33.7,2022-10-20,26.7,0.07,33.7,20.77,2022-04-07,27.75,111,3.69,55,17
DIAMONDYD.NS,2022-10-31,2022-10-03,927.49,921.26,1.95,2022-10-04,946.06,2022-10-27,851.21,0.17,946.06,10.03,2022-01-13,903.62,178,2.64,24,3
TARIL.NS,2022-10-25,2022-09-15,29.4,23.89,5.67,2022-09-26,28.93,2022-10-12,25.04,0.34,30.9,18.97,2022-02-07,23.12,150,0.99,27,8
CIPLA.NS,2022-10-25,2022-09-20,1114.49,1053.17,1.59,2022-09-29,1081.46,2022-10-17,1059.43,0.57,1109.18,4.49,2022-03-15,1039.15,128,1.36,8,3
ONEPOINT.NS,2022-10-25,2022-10-10,15.2,14.85,2.82,2022-10-11,15.5,2022-10-12,13.25,0.73,15.5,14.52,2022-01-20,14.75,177,0.61,32,13
ATULAUTO.NS,2022-10-24,2022-10-10,277.15,229.25,5.98,2022-10-14,289.5,2022-10-21,257.05,0.49,289.5,11.21,2022-01-17,216.35,180,0.8,18,9
DCI.NS,2022-10-19,2022-09-12,65.1,53.4,5.0,2022-09-15,58.5,2022-10-07,50.5,0.0,58.5,13.68,2022-01-06,50.0,168,10.0,65,23
DEEPINDS.NS,2022-10-19,2022-10-06,153.29,145.55,3.57,2022-10-10,157.72,2022-10-13,138.82,0.62,157.72,11.99,2022-04-22,140.09,114,1.84,27,5
AXISCADES.NS,2022-10-18,2022-09-16,191.9,180.0,2.64,2022-09-19,194.85,2022-09-26,160.1,0.51,194.85,17.83,2022-04-29,177.5,96,7.81,18,3
SALZERELEC.NS,2022-10-18,2022-09-14,259.57,275.89,5.08,2022-09-20,286.87,2022-10-03,233.46,0.34,286.87,18.62,2022-01-10,259.52,168,3.22,27,5
MURUDCERA.NS,2022-10-18,2022-10-06,35.89,34.92,4.32,2022-10-11,37.68,2022-10-17,32.98,0.33,37.68,12.47,2022-01-18,34.68,177,2.49,29,10
SPANDANA.NS,2022-10-17,2022-08-26,606.05,519.15,2.87,2022-09-05,627.0,2022-09-26,542.0,0.08,653.95,17.12,2021-12-13,515.0,176,3.93,41,13
KIRLOSIND.NS,2022-10-17,2022-09-21,1854.27,1729.35,10.19,2022-09-23,1923.42,2022-09-28,1660.69,0.35,1923.42,13.66,2022-01-17,1680.18,168,1.09,17,3
TVSELECT.NS,2022-10-14,2022-08-24,287.57,287.17,4.5,2022-09-02,330.33,2022-09-23,263.01,0.36,330.33,20.38,2022-04-06,282.41,95,9.56,29,3
APOLLO.NS,2022-10-12,2022-09-29,19.86,17.87,3.03,2022-10-07,19.53,2022-10-11,17.58,0.55,19.53,9.99,2022-01-07,17.69,180,3.13,18,6
AARVI.NS,2022-10-12,2022-09-14,149.39,123.87,5.36,2022-09-22,167.69,2022-09-30,131.7,0.53,167.69,21.46,2022-04-04,117.64,111,1.04,30,15
MAANALU.NS,2022-10-12,2022-09-08,43.42,44.73,5.67,2022-09-13,48.23,2022-09-28,37.6,0.15,48.23,22.04,2022-03-03,41.45,128,2.5,29,3
SIRCA.NS,2022-10-10,2022-09-08,308.65,315.96,10.51,2022-09-12,329.53,2022-09-27,271.05,0.47,329.53,17.75,2022-01-14,291.33,160,1.04,23,10
ANIKINDS.NS,2022-10-10,2022-08-24,44.55,43.95,8.39,2022-08-29,50.4,2022-09-19,37.95,0.37,50.4,24.7,2022-02-10,39.45,132,4.59,28,4
MANGALAM.NS,2022-10-10,2022-09-13,149.9,161.0,5.7,2022-09-14,173.0,2022-09-29,140.8,0.25,173.0,18.61,2022-01-12,156.75,165,0.6,33,5
BAJAJHLDNG.NS,2022-10-07,2022-09-09,6489.81,6267.64,5.73,2022-09-15,6943.09,2022-09-29,5870.75,0.83,6943.09,15.44,2022-04-05,6174.45,107,1.21,38,9
FORCEMOT.NS,2022-10-07,2022-09-15,1275.36,1365.67,2.06,2022-09-20,1430.52,2022-09-27,1193.26,0.42,1430.52,16.59,2022-01-18,1354.53,163,0.79,30,7
INOXWIND.NS,2022-10-07,2022-09-12,37.99,36.26,2.77,2022-09-16,39.85,2022-09-26,32.25,0.48,39.85,19.07,2022-02-08,34.85,146,0.6,25,6
SMLMAH.NS,2022-10-07,2022-09-07,843.24,791.84,5.13,2022-09-08,832.02,2022-09-23,742.14,0.4,832.02,10.8,2022-04-05,758.86,105,6.26,30,11
KALYANIFRG.NS,2022-10-06,2022-09-14,204.48,211.99,6.3,2022-09-21,220.83,2022-09-29,185.28,0.26,220.83,16.1,2022-02-02,209.24,152,1.26,34,5
PENIND.NS,2022-10-06,2022-09-05,46.55,48.05,3.28,2022-09-08,50.2,2022-09-29,39.95,0.91,50.2,20.42,2022-01-20,48.0,153,0.78,18,2
GMMPFAUDLR.NS,2022-10-06,2022-09-02,1951.04,1813.73,5.83,2022-09-06,2096.05,2022-09-26,1798.97,0.22,2096.05,14.17,2022-01-04,1752.97,164,0.9,24,14
PCBL.NS,2022-10-06,2022-08-30,117.73,123.29,4.86,2022-09-05,131.81,2022-09-26,109.84,0.45,137.86,20.33,2022-04-11,121.05,96,0.63,24,9
ACE.NS,2022-10-06,2022-08-24,291.54,253.63,2.53,2022-09-05,304.73,2022-09-26,263.68,0.52,318.21,17.14,2022-02-03,247.08,137,0.66,20,5
SKMEGGPROD.NS,2022-10-06,2022-09-02,54.32,42.83,3.37,2022-09-06,54.72,2022-09-14,45.86,0.25,54.72,16.2,2022-01-12,41.98,158,0.87,20,1
UJJIVANSFB.NS,2022-10-04,2022-09-05,21.5,21.13,4.18,2022-09-13,23.96,2022-09-28,19.69,0.71,23.96,17.83,2022-01-07,20.71,162,1.41,21,7
BRIGADE.NS,2022-10-03,2022-09-06,383.27,421.62,5.95,2022-09-09,433.93,2022-09-28,352.34,0.51,433.93,18.8,2022-03-31,410.18,107,0.72,33,9
GRSE.NS,2022-10-03,2022-09-07,342.43,335.95,4.23,2022-09-16,355.54,2022-09-26,292.21,0.54,355.54,17.81,2022-04-22,320.18,94,1.89,28,3
LGBBROSLTD.NS,2022-09-30,2022-09-06,733.19,735.86,5.18,2022-09-08,762.83,2022-09-27,636.37,0.91,769.71,17.32,2022-02-03,689.39,145,1.08,21,6
BBTCL.NS,2022-09-30,2022-09-14,286.56,325.67,1.91,2022-09-15,342.08,2022-09-29,268.71,0.13,342.08,21.45,2022-04-12,303.24,105,0.78,45,13
MHRIL.NS,2022-09-30,2022-09-02,279.8,284.05,3.96,2022-09-05,300.0,2022-09-26,256.55,0.86,313.6,18.19,2022-04-19,274.9,94,0.63,25,4
GPTINFRA.NS,2022-09-30,2022-09-13,31.5,25.96,11.37,2022-09-21,29.73,2022-09-28,25.2,0.37,29.73,15.24,2022-04-28,24.78,94,2.91,48,7
MODIRUBBER.NS,2022-09-30,2022-09-16,77.6,84.25,5.83,2022-09-20,87.85,2022-09-28,70.35,0.23,87.85,19.92,2022-01-13,83.8,167,0.72,20,6
ANANTRAJ.NS,2022-09-30,2022-08-30,96.34,86.57,3.28,2022-09-07,98.28,2022-09-28,80.56,0.39,98.28,18.03,2022-01-21,85.17,149,3.02,20,7
BESTAGRO.NS,2022-09-30,2022-09-01,82.58,85.82,7.33,2022-09-12,88.32,2022-09-26,76.39,0.32,89.31,14.47,2021-12-14,81.1,178,1.29,19,3
AURIONPRO.NS,2022-09-29,2022-09-12,222.51,204.61,9.43,2022-09-21,216.61,2022-09-26,191.94,0.7,220.67,13.02,2022-01-18,192.61,160,2.0,16,5
INDIACEM.NS,2022-09-28,2022-09-14,250.25,262.19,3.44,2022-09-20,298.95,2022-09-27,226.55,0.91,298.95,24.22,2022-01-14,259.05,164,2.56,15,5
LTFOODS.NS,2022-09-28,2022-09-13,110.9,98.72,4.47,2022-09-22,113.29,2022-09-26,103.69,0.73,114.71,9.6,2022-04-25,98.14,97,0.83,29,6
STARCEMENT.NS,2022-09-28,2022-09-08,102.57,103.36,9.86,2022-09-15,108.27,2022-09-26,95.73,0.43,110.11,13.06,2022-01-10,102.37,164,1.1,25,9
SBCL.NS,2022-09-27,2022-08-25,415.76,390.11,4.64,2022-09-06,429.92,2022-09-14,380.56,0.75,429.92,11.48,2022-04-13,380.46,91,2.94,24,2
RITES.NS,2022-09-27,2022-08-25,134.57,125.57,1.61,2022-09-02,137.67,2022-09-19,124.57,0.75,137.67,9.51,2022-04-13,123.69,91,1.83,38,12
KPIL.NS,2022-09-27,2022-08-29,410.41,396.46,4.48,2022-09-06,425.51,2022-09-26,388.06,0.21,428.07,9.35,2022-01-18,395.89,151,1.16,31,7
LIBERTSHOE.NS,2022-09-27,2022-09-12,249.2,180.5,1.82,2022-09-21,224.68,2022-09-26,212.75,0.95,231.7,8.18,2022-01-17,179.71,161,3.22,35,6
KUANTUM.NS,2022-09-23,2022-09-05,110.19,102.26,2.42,2022-09-12,128.92,2022-09-22,101.88,0.52,128.92,20.98,2022-02-04,101.41,143,1.93,36,7
LMW.NS,2022-09-22,2022-08-24,13002.15,11689.26,1.61,2022-09-05,12382.82,2022-09-15,12220.7,0.89,12884.77,5.15,2022-02-10,11557.31,132,1.4,24,0
ASAHIINDIA.NS,2022-09-22,2022-08-24,634.21,615.84,5.31,2022-09-02,665.2,2022-09-20,589.8,0.42,687.88,14.26,2022-02-03,605.66,137,1.01,32,15
EIHOTEL.NS,2022-09-21,2022-09-02,192.99,184.88,10.6,2022-09-07,202.14,2022-09-15,177.55,0.26,202.14,12.17,2022-04-06,168.94,101,1.43,30,12
CEMPRO.NS,2022-09-21,2022-08-18,114.33,90.85,2.48,2022-08-29,106.55,2022-09-19,106.77,0.62,117.08,8.8,2022-01-13,88.53,147,1.01,22,2
TEJASNET.NS,2022-09-21,2022-08-29,631.63,607.37,6.82,2022-09-02,679.36,2022-09-19,585.99,0.32,679.36,13.74,2022-04-08,568.86,96,0.69,19,2
SANGHVIMOV.NS,2022-09-20,2022-08-25,124.54,131.21,2.03,2022-08-26,136.16,2022-09-19,118.71,0.42,137.29,13.54,2022-01-10,128.23,155,0.65,20,10
PIDILITIND.NS,2022-09-20,2022-09-01,1384.35,1377.71,1.51,2022-09-02,1414.2,2022-09-19,1346.81,0.57,1425.9,5.55,2022-01-13,1344.76,156,0.68,11,4
MACPOWER.NS,2022-09-20,2022-09-07,335.51,296.72,4.32,2022-09-08,308.69,2022-09-16,265.93,0.3,308.69,13.85,2022-01-19,276.51,156,1.43,23,2
MEDICAMEQ.NS,2022-09-20,2022-08-24,1123.67,1069.01,7.48,2022-09-01,1215.74,2022-09-16,1023.75,0.3,1215.74,15.79,2021-12-27,1012.09,164,0.67,30,7
ESCORTS.NS,2022-09-19,2022-08-29,2018.91,1881.12,3.8,2022-09-02,2022.44,2022-09-14,1892.49,0.58,2022.44,6.43,2022-04-05,1863.09,99,4.65,23,7
JKTYRE.NS,2022-09-15,2022-09-02,180.14,141.83,2.74,2022-09-13,157.2,2022-09-14,148.24,0.53,157.2,5.7,2021-12-28,139.97,169,8.1,16,5
KALYANKJIL.NS,2022-09-14,2022-08-23,91.11,76.73,6.38,2022-09-02,85.11,2022-09-07,79.35,0.54,85.11,6.76,2022-01-05,75.29,156,3.37,29,4
TRF.NS,2022-09-13,2022-08-24,203.15,171.7,4.3,2022-08-26,185.0,2022-09-05,168.1,0.54,185.0,9.14,2022-03-22,168.95,106,4.19,42,16
SIKKO.NS,2022-09-13,2022-08-22,4.31,2.76,5.86,2022-08-29,3.89,2022-09-06,3.07,0.78,3.89,21.1,2022-01-13,2.43,149,0.95,43,16
KRBL.NS,2022-09-13,2022-08-16,356.29,264.38,3.33,2022-08-24,297.35,2022-09-08,269.92,0.89,323.99,16.69,2022-01-05,260.09,151,6.01,32,5
TATACHEM.NS,2022-09-12,2022-08-10,1094.38,1013.6,9.63,2022-08-19,1115.56,2022-08-29,991.76,0.75,1115.56,11.1,2022-01-14,977.46,141,1.26,9,2
HOMEFIRST.NS,2022-09-08,2022-08-12,873.58,917.89,3.44,2022-08-16,989.19,2022-09-07,843.06,0.58,989.19,14.77,2021-12-08,907.21,170,0.82,32,6
THERMAX.NS,2022-09-08,2022-08-25,2474.68,2415.84,2.09,2022-08-29,2500.99,2022-09-07,2308.21,0.63,2500.99,7.71,2022-04-13,2303.35,91,0.88,26,8
TOTAL.NS,2022-09-08,2022-08-25,124.19,109.65,7.23,2022-08-26,127.4,2022-09-06,101.88,0.37,127.4,20.03,2021-12-16,105.35,172,0.98,29,9
DCBBANK.NS,2022-09-08,2022-08-26,96.52,94.21,7.66,2022-09-06,97.05,2022-09-07,92.81,0.56,97.05,4.37,2022-04-07,87.7,96,1.28,35,6
LOTUSEYE.NS,2022-09-08,2022-07-29,73.47,77.32,6.3,2022-08-10,80.73,2022-08-29,61.19,0.28,80.73,24.21,2022-02-03,72.83,121,4.13,29,16
GRINDWELL.NS,2022-09-08,2022-08-16,2227.9,1993.5,1.6,2022-08-25,2175.0,2022-08-29,2074.34,0.57,2179.85,4.84,2022-01-17,1941.83,143,1.0,36,11
MAZDOCK.NS,2022-09-07,2022-08-26,195.91,169.8,9.78,2022-09-01,199.91,2022-09-06,180.37,0.51,199.91,9.77,2022-04-18,161.91,91,1.26,32,2
COCHINSHIP.NS,2022-09-07,2022-08-26,182.64,171.4,6.26,2022-09-02,185.44,2022-09-06,174.58,0.62,185.44,5.86,2022-04-18,168.32,91,1.62,26,0
SOTL.NS,2022-09-07,2022-08-03,337.98,251.44,4.65,2022-08-16,268.74,2022-09-06,311.04,0.76,395.07,21.27,2021-11-15,248.06,180,0.84,27,8
MOLDTKPAC.NS,2022-09-07,2022-08-08,965.08,884.81,3.68,2022-08-19,1035.13,2022-08-29,896.6,0.64,1035.13,13.38,2021-12-13,836.79,164,1.15,22,11
BHARATWIRE.NS,2022-09-05,2022-08-08,113.85,89.75,11.92,2022-08-19,119.75,2022-08-29,100.5,0.28,119.75,16.08,2022-02-07,87.0,125,2.06,34,10
RPGLIFE.NS,2022-09-01,2022-08-03,746.39,647.23,12.91,2022-08-16,714.26,2022-08-29,652.55,0.66,722.27,9.65,2021-11-15,637.49,180,2.96,35,10
KENNAMET.NS,2022-09-01,2022-07-29,2475.19,2238.25,2.12,2022-08-01,2347.87,2022-08-23,2153.19,0.52,2421.24,11.07,2022-03-21,2220.13,91,2.2,29,7
DEVYANI.NS,2022-08-30,2022-08-11,184.05,203.6,3.73,2022-08-18,215.0,2022-08-29,177.0,0.59,215.0,17.67,2021-12-14,198.9,165,0.69,10,3
MAHSCOOTER.NS,2022-08-30,2022-08-19,3840.66,3925.65,3.08,2022-08-23,4057.69,2022-08-29,3743.88,0.32,4057.69,7.73,2021-12-09,3911.85,173,1.01,21,4
AMBUJACEM.NS,2022-08-30,2022-08-18,404.15,402.53,2.78,2022-08-19,419.63,2022-08-29,388.28,0.81,419.63,7.47,2022-01-18,394.53,144,0.83,11,0
APOLLOTYRE.NS,2022-08-30,2022-08-16,240.54,239.06,7.21,2022-08-19,256.4,2022-08-29,225.96,0.71,256.4,11.87,2022-01-18,230.05,142,0.97,16,8
UNIVCABLES.NS,2022-08-29,2022-08-11,213.59,189.12,3.31,2022-08-22,222.26,2022-08-25,197.55,0.46,222.26,11.12,2022-01-03,182.68,151,1.46,31,7
AEGISLOG.NS,2022-08-26,2022-07-22,255.35,245.5,7.58,2022-08-02,259.7,2022-08-22,235.58,0.71,276.37,14.76,2021-12-06,235.62,158,0.88,30,10
KECL.NS,2022-08-26,2022-07-25,46.25,32.8,7.13,2022-08-03,43.6,2022-08-23,39.95,0.94,49.45,19.21,2022-01-11,30.6,133,0.93,32,6
ASPINWALL.NS,2022-08-26,2022-07-22,227.51,212.09,15.01,2022-07-25,229.1,2022-08-08,186.14,0.57,229.1,18.75,2022-01-24,202.41,123,3.37,36,12
POWERMECH.NS,2022-08-26,2022-08-08,695.59,517.37,3.35,2022-08-19,647.71,2022-08-24,629.32,0.68,670.67,6.16,2021-12-08,516.4,167,1.62,26,9
ABBOTINDIA.NS,2022-08-24,2022-08-01,17877.0,18990.32,1.8,2022-08-02,19582.89,2022-08-23,17337.22,0.53,19582.89,11.47,2021-11-26,18669.88,170,1.12,10,1
LUMAXTECH.NS,2022-08-23,2022-07-08,240.62,203.17,2.89,2022-07-18,244.8,2022-08-04,218.86,0.39,256.26,14.59,2022-01-20,200.52,115,1.51,16,5
VINYLINDIA.NS,2022-08-23,2022-07-25,348.03,300.47,11.66,2022-08-02,355.62,2022-08-04,322.23,0.57,355.62,9.39,2022-01-25,277.14,123,0.63,20,8
ELGIEQUIP.NS,2022-08-22,2022-08-03,458.73,428.4,3.14,2022-08-10,457.16,2022-08-17,412.0,0.98,457.16,9.88,2022-02-08,414.8,121,4.67,26,10
CRAFTSMAN.NS,2022-08-18,2022-07-26,2764.68,2647.11,1.8,2022-08-01,2873.52,2022-08-08,2583.58,0.74,2873.52,10.09,2021-11-08,2640.14,179,1.11,17,8
BUTTERFLY.NS,2022-08-17,2022-07-14,1553.05,1590.4,13.86,2022-07-22,1699.0,2022-07-29,1445.0,0.46,1699.0,14.95,2022-02-23,1419.5,96,0.68,51,20
NAVNETEDUL.NS,2022-08-17,2022-08-03,126.27,109.37,10.62,2022-08-05,126.64,2022-08-11,113.73,0.55,126.64,10.19,2021-11-16,106.16,179,2.51,19,3
MONTECARLO.NS,2022-08-12,2022-07-04,701.54,670.4,5.61,2022-07-11,730.04,2022-07-28,640.56,0.47,756.82,15.36,2022-01-10,655.25,119,1.42,29,13
FLUOROCHEM.NS,2022-08-11,2022-07-18,3405.44,3269.07,1.81,2022-07-27,3487.67,2022-08-02,3198.55,0.81,3487.67,8.29,2022-02-04,3186.38,111,0.89,21,3
KARURVYSYA.NS,2022-08-11,2022-07-26,50.78,46.79,5.37,2022-08-04,48.79,2022-08-08,48.27,0.73,50.82,5.02,2021-11-15,46.75,174,0.73,11,8
SKFINDIA.NS,2022-08-10,2022-07-29,4167.05,4010.43,1.66,2022-08-02,4245.44,2022-08-05,3992.41,0.75,4245.44,5.96,2021-12-15,3994.45,156,1.13,26,6
TITAGARH.NS,2022-08-08,2022-07-19,129.99,129.34,2.37,2022-07-25,135.23,2022-08-04,120.16,0.59,135.23,11.14,2022-01-21,123.71,121,1.36,27,10
ARTEMISMED.NS,2022-08-08,2022-07-26,52.64,55.57,8.59,2022-07-27,58.4,2022-08-03,49.8,0.55,58.4,14.72,2022-01-12,50.5,131,0.74,28,12
PSPPROJECT.NS,2022-08-08,2022-07-18,629.37,647.37,4.2,2022-07-19,664.24,2022-08-04,600.09,0.65,664.24,9.66,2022-02-01,632.39,114,0.85,18,7
GRPLTD.NS,2022-08-05,2022-07-14,446.48,408.76,8.95,2022-07-18,474.53,2022-07-25,393.57,0.94,474.53,17.06,2022-02-25,391.55,94,0.66,31,8
ARCHIDPLY.NS,2022-08-04,2022-07-26,69.15,65.2,12.45,2022-07-27,77.0,2022-08-02,63.8,0.59,77.0,17.14,2022-01-11,61.45,134,0.7,31,17
M&MFIN.NS,2022-08-04,2022-07-19,178.87,187.18,1.54,2022-07-22,195.08,2022-08-02,172.13,0.78,195.08,11.76,2021-11-09,186.23,173,0.99,12,1
SAFARI.NS,2022-08-02,2022-07-18,587.24,544.53,5.53,2022-07-19,593.33,2022-07-25,532.71,0.66,593.33,10.22,2022-02-08,521.87,109,0.85,22,10
ASTERDM.NS,2022-08-01,2022-07-18,179.11,164.64,3.77,2022-07-26,179.33,2022-07-28,165.78,0.52,179.33,7.56,2021-11-12,161.62,169,1.19,48,18
JYOTHYLAB.NS,2022-07-29,2022-07-06,163.25,155.83,3.89,2022-07-15,161.73,2022-07-22,155.4,0.29,167.06,6.98,2021-10-14,153.97,180,0.61,39,16
RELIABLE.NS,2022-07-28,2022-07-06,60.63,63.82,4.67,2022-07-08,70.31,2022-07-21,56.19,0.53,70.31,20.09,2022-02-04,63.32,103,0.75,67,23
ADL.NS,2022-07-20,2022-06-15,58.9,61.05,1.6,2022-06-17,64.5,2022-07-05,53.75,0.45,64.5,16.67,2022-01-12,60.8,104,2.26,38,13
ABB.NS,2022-07-18,2022-07-06,2506.11,2438.72,4.34,2022-07-11,2548.21,2022-07-14,2424.87,0.74,2548.21,4.84,2022-01-25,2385.39,110,0.72,25,7
FIEMIND.NS,2022-07-18,2022-07-04,763.34,674.37,3.03,2022-07-08,762.41,2022-07-12,664.43,0.39,762.41,12.85,2022-01-17,638.48,114,1.22,17,4
TVSMOTOR.NS,2022-07-15,2022-06-28,857.39,806.78,1.81,2022-07-01,871.8,2022-07-06,801.76,0.97,871.8,8.03,2021-11-09,795.7,158,0.75,10,3
KIRIINDUS.NS,2022-07-15,2022-07-06,482.85,552.9,14.28,2022-07-07,565.0,2022-07-14,456.9,0.63,565.0,19.13,2021-10-14,546.65,180,0.94,20,13
APARINDS.NS,2022-07-08,2022-06-15,984.3,856.6,7.34,2022-06-20,1012.39,2022-06-23,860.32,0.26,1012.39,15.02,2022-01-27,837.93,94,1.05,28,11
VOLTAMP.NS,2022-06-23,2022-05-31,2390.81,2159.93,4.59,2022-06-09,2370.0,2022-06-21,2223.0,0.39,2445.11,9.08,2021-12-06,2138.83,120,1.51,28,13
ELECON.NS,2022-06-22,2022-06-02,133.05,112.48,5.47,2022-06-07,132.43,2022-06-20,114.97,0.92,132.63,13.32,2021-11-26,107.46,128,2.02,11,6
ROLEXRINGS.NS,2022-06-21,2022-06-01,146.46,150.63,8.53,2022-06-10,162.46,2022-06-20,135.0,0.3,162.46,16.9,2022-01-11,139.4,95,0.65,29,9
